,Video_ID,tt_pred,tt_y,t_pred,t_y,x_pred,x_y
0,t_xx1,0,0,1,1,0,0
1,t_xx2,0,0,1,1,0,0
2,t_xx3,0,0,1,1,0,0
3,t_xx4,0,0,1,1,0,0
4,t_xx5,0,0,1,1,0,0
5,t_xx6,0,0,1,1,0,0
6,t_xx7,0,0,1,1,0,0
7,t_xx8,0,0,1,1,0,0
8,t_xx9,0,0,1,1,0,0
9,t_xx10,0,0,1,1,0,0
10,t_xx11,0,0,1,1,0,0
11,t_xx12,0,0,1,1,0,0
12,t_xx13,0,0,1,1,0,0
13,t_xx14,0,0,1,1,0,0
14,t_xx15,0,0,1,1,0,0
15,t_xx16,0,0,1,1,0,0
16,t_xx17,0,0,1,1,0,0
17,t_xx18,0,0,1,1,0,0
18,t_xx19,0,0,1,1,0,0
19,t_xx20,0,0,1,1,0,0
20,t_xx21,0,0,1,1,0,0
21,t_xx22,0,0,1,1,0,0
22,t_xx23,0,0,1,1,0,0
23,t_xx24,0,0,1,1,0,0
24,t_xx25,0,0,1,1,0,0
25,t_xx26,0,0,1,1,0,0
26,t_xx27,0,0,1,1,0,0
27,t_xx28,0,0,1,1,0,0
28,t_xx29,0,0,1,1,0,0
29,t_xx30,0,0,1,1,0,0
30,t_xx31,0,0,1,1,0,0
31,t_xx32,0,0,1,1,0,0
32,t_xx33,0,0,1,1,0,0
33,t_xx34,0,0,1,1,0,0
34,t_xx35,0,0,1,1,0,0
35,t_xx36,0,0,1,1,0,0
36,t_xx37,0,0,1,1,0,0
37,t_xx38,0,0,1,1,0,0
38,t_xx39,0,0,1,1,0,0
39,t_xx40,0,0,1,1,0,0
40,t_xx41,0,0,1,1,0,0
41,t_xx42,0,0,1,1,0,0
42,t_xx43,0,0,1,1,0,0
43,t_xx44,0,0,1,1,0,0
44,t_xx45,0,0,1,1,0,0
45,t_xx46,0,0,1,1,0,0
46,t_xx47,0,0,1,1,0,0
47,t_xx48,0,0,1,1,0,0
48,t_xx49,0,0,1,1,0,0
49,t_xx50,0,0,1,1,0,0
50,t_xx51,0,0,1,1,0,0
51,t_xx52,0,0,1,1,0,0
52,t_xx53,0,0,1,1,0,0
53,t_xx54,0,0,1,1,0,0
54,t_xx55,0,0,1,1,0,0
55,t_xx56,0,0,1,1,0,0
56,t_xx57,0,0,1,1,0,0
57,t_xx58,0,0,1,1,0,0
58,t_xx59,0,0,1,1,0,0
59,t_xx60,0,0,1,1,0,0
60,t_xx61,0,0,1,1,0,0
61,t_xx62,0,0,1,1,0,0
62,t_xx63,0,0,1,1,0,0
63,t_xx64,0,0,1,1,0,0
64,t_xx65,0,0,1,1,0,0
65,t_xx66,0,0,1,1,0,0
66,t_xx67,0,0,1,1,0,0
67,t_xx68,0,0,1,1,0,0
68,t_xx69,0,0,1,1,0,0
69,t_xx70,0,0,1,1,0,0
70,t_xx71,0,0,1,1,0,0
71,t_xx72,0,0,1,1,0,0
72,t_xx73,0,0,1,1,0,0
73,t_xx74,0,0,1,1,0,0
74,t_xx75,0,0,1,1,0,0
75,t_xx76,0,0,1,1,0,0
76,t_xx77,0,0,1,1,0,0
77,t_xx78,0,0,1,1,0,0
78,t_xx79,0,0,1,1,0,0
79,t_xx80,0,0,1,1,0,0
80,t_xx81,0,0,1,1,0,0
81,t_xx82,0,0,1,1,0,0
82,t_xx83,0,0,1,1,0,0
83,t_xx84,0,0,1,1,0,0
84,t_xx85,0,0,1,1,0,0
85,t_xx86,0,0,1,1,0,0
86,t_xx87,0,0,1,1,0,0
87,t_xx88,0,0,1,1,0,0
88,t_xx89,0,0,1,1,0,0
89,t_xx90,0,0,1,1,0,0
90,t_xx91,0,0,1,1,0,0
91,t_xx92,0,0,1,1,0,0
92,t_xx93,0,0,1,1,0,0
93,t_xx94,0,0,1,1,0,0
94,t_xx95,0,0,1,1,0,0
95,t_xx96,0,0,1,1,0,0
96,t_xx97,0,0,1,1,0,0
97,t_xx98,0,0,1,1,0,0
98,t_xx99,0,0,1,1,0,0
99,t_xx100,0,0,1,1,0,0
100,t_xx101,0,0,1,1,0,0
101,t_xx102,0,0,1,1,0,0
102,t_xx103,0,0,1,1,0,0
103,t_xx104,0,0,1,1,0,0
104,t_xx105,0,0,1,1,0,0
105,t_xx106,0,0,1,1,0,0
106,t_xx107,0,0,1,1,0,0
107,t_xx108,0,0,1,1,0,0
108,t_xx109,0,0,1,1,0,0
109,t_xx110,0,0,1,1,0,0
110,t_xx111,0,0,1,1,0,0
111,t_xx112,0,0,1,1,0,0
112,t_xx113,0,0,1,1,0,0
113,t_xx114,0,0,1,1,0,0
114,t_xx115,0,0,1,1,0,0
115,t_xx116,0,0,1,1,0,0
116,t_xx117,0,0,1,1,0,0
117,t_xx118,0,0,1,1,0,0
118,t_xx119,0,0,1,1,0,0
119,t_xx120,0,0,1,1,0,0
120,t_xx121,0,0,1,1,0,0
121,t_xx122,0,0,1,1,0,0
122,t_xx123,0,0,1,1,0,0
123,t_xx124,0,0,1,1,0,0
124,t_xx125,0,0,1,1,0,0
125,t_xx126,0,0,1,1,0,0
126,t_xx127,0,0,1,1,0,0
127,t_xx128,0,0,1,1,0,0
128,t_xx129,0,0,1,1,0,0
129,t_xx130,1,0,1,1,0,0
130,t_xx131,0,0,1,1,0,0
131,t_xx132,0,0,1,1,0,0
132,t_xx133,0,0,1,1,0,0
133,t_xx134,0,0,1,1,0,0
134,t_xx135,0,0,1,1,0,0
135,t_xx136,0,0,1,1,0,0
136,t_xx137,0,0,1,1,0,0
137,t_xx138,0,0,1,1,0,0
138,t_xx139,0,0,1,1,0,0
139,t_xx140,0,0,1,1,0,0
140,t_xx141,0,0,1,1,0,0
141,t_xx142,0,0,1,1,0,0
142,t_xx143,0,0,1,1,0,0
143,t_xx144,0,0,1,1,0,0
144,t_xx145,0,0,1,1,0,0
145,t_xx146,0,0,1,1,0,0
146,t_xx147,0,0,1,1,0,0
147,t_xx148,0,0,1,1,0,0
148,t_xx149,0,0,1,1,0,0
149,t_xx150,0,0,1,1,0,0
150,t_xx151,0,0,1,1,0,0
151,t_xx152,0,0,1,1,0,0
152,t_xx153,0,0,1,1,0,0
153,t_xx154,0,0,1,1,0,0
154,t_xx155,0,0,1,1,0,0
155,t_xx156,0,0,1,1,0,0
156,t_xx157,0,0,1,1,0,0
157,t_xx158,0,0,1,1,0,0
158,t_xx159,0,0,1,1,0,0
159,t_xx160,0,0,1,1,0,0
160,t_xx161,0,0,1,1,0,0
161,t_xx162,0,0,1,1,0,0
162,t_xx163,0,0,1,1,0,0
163,t_xx164,0,0,1,1,0,0
164,t_xx165,0,0,1,1,0,0
165,t_xx166,0,0,1,1,0,0
166,t_xx167,0,0,1,1,0,0
167,t_xx168,0,0,1,1,0,0
168,t_xx169,0,0,1,1,0,0
169,t_xx170,0,0,1,1,0,0
170,t_xx171,0,0,1,1,0,0
171,t_xx172,0,0,1,1,0,0
172,t_xx173,0,0,1,1,0,0
173,t_xx174,0,0,1,1,0,0
174,t_xx175,0,0,1,1,0,0
175,t_xx176,0,0,1,1,0,0
176,t_xx177,0,0,1,1,0,0
177,t_xx178,0,0,1,1,0,0
178,t_xx179,0,0,1,1,0,0
179,t_xx180,0,0,1,1,0,0
180,t_xx181,0,0,1,1,0,0
181,t_xx182,0,0,1,1,0,0
182,t_xx183,0,0,1,1,0,0
183,t_xx184,0,0,1,1,0,0
184,t_xx185,0,0,1,1,0,0
185,t_xx186,0,0,1,1,0,0
186,t_xx187,0,0,1,1,0,0
187,t_xx188,0,0,1,1,0,0
188,t_xx189,0,0,1,1,0,0
189,t_xx190,0,0,1,1,0,0
190,t_xx191,0,0,1,1,0,0
191,t_xx192,0,0,1,1,0,0
192,t_xx193,0,0,1,1,0,0
193,t_xx194,0,0,1,1,0,0
194,t_xx195,0,0,1,1,0,0
195,t_xx196,0,0,1,1,0,0
196,t_xx197,0,0,1,1,0,0
197,t_xx198,0,0,1,1,0,0
198,t_xx199,0,0,1,1,0,0
199,t_xx200,0,0,1,1,0,0
200,t_xx201,0,0,1,1,0,0
201,t_xx202,0,0,1,1,0,0
202,t_xx203,0,0,1,1,0,0
203,t_xx204,0,0,1,1,0,0
204,t_xx205,0,0,1,1,0,0
205,t_xx206,0,0,1,1,0,0
206,t_xx207,0,0,1,1,0,0
207,t_xx208,0,0,1,1,0,0
208,t_xx209,0,0,1,1,0,0
209,t_xx210,0,0,1,1,0,0
210,t_xx211,0,0,1,1,0,0
211,t_xx212,0,0,1,1,0,0
212,t_xx213,0,0,1,1,0,0
213,t_xx214,0,0,1,1,0,0
214,t_xx215,0,0,1,1,0,0
215,t_xx216,0,0,1,1,0,0
216,t_xx217,0,0,1,1,0,0
217,t_xx218,0,0,1,1,0,0
218,t_xx219,0,0,1,1,0,0
219,t_xx220,0,0,1,1,0,0
220,t_xx221,0,0,1,1,0,0
221,t_xx222,0,0,1,1,0,0
222,t_xx223,0,0,1,1,0,0
223,t_xx224,0,0,1,1,0,0
224,t_xx225,0,0,1,1,0,0
225,t_xx226,0,0,1,1,0,0
226,t_xx227,0,0,1,1,0,0
227,t_xx228,0,0,1,1,0,0
228,t_xx229,0,0,1,1,0,0
229,t_xx230,0,0,1,1,0,0
230,t_xx231,0,0,1,1,0,0
231,t_xx232,0,0,1,1,0,0
232,t_xx233,0,0,1,1,0,0
233,t_xx234,0,0,1,1,0,0
234,t_xx235,0,0,1,1,0,0
235,t_xx236,0,0,1,1,0,0
236,t_xx237,0,0,1,1,0,0
237,t_xx238,0,0,1,1,0,0
238,t_xx239,0,0,1,1,0,0
239,t_xx240,0,0,1,1,0,0
240,t_xx241,0,0,1,1,0,0
241,t_xx242,0,0,1,1,0,0
242,t_xx243,0,0,1,1,0,0
243,t_xx244,0,0,1,1,0,0
244,t_xx245,0,0,1,1,0,0
245,t_xx246,0,0,1,1,0,0
246,t_xx247,0,0,1,1,0,0
247,t_xx248,0,0,1,1,0,0
248,t_xx249,0,0,1,1,0,0
249,t_xx250,0,0,1,1,0,0
250,t_xx251,0,0,1,1,0,0
251,t_xx252,0,0,1,1,0,0
252,t_xx253,0,0,1,1,0,0
253,t_xx254,0,0,1,1,0,0
254,t_xx255,0,0,1,1,0,0
255,t_xx256,0,0,1,1,0,0
256,t_xx257,0,0,1,1,0,0
257,t_xx258,0,0,1,1,0,0
258,t_xx259,0,0,1,1,0,0
259,t_xx260,0,0,1,1,0,0
260,t_xx261,0,0,1,1,0,0
261,t_xx262,0,0,1,1,0,0
262,t_xx263,0,0,1,1,0,0
263,t_xx264,0,0,1,1,0,0
264,t_xx265,0,0,1,1,0,0
265,t_xx266,0,0,1,1,0,0
266,t_xx267,0,0,1,1,0,0
267,t_xx268,0,0,1,1,0,0
268,t_xx269,0,0,1,1,0,0
269,t_xx270,0,0,1,1,0,0
270,t_xx271,0,0,1,1,0,0
271,t_xx272,0,0,1,1,0,0
272,t_xx273,0,0,1,1,0,0
273,t_xx274,0,0,1,1,0,0
274,t_xx275,0,0,1,1,0,0
275,t_xx276,0,0,1,1,0,0
276,t_xx277,0,0,1,1,0,0
277,t_xx278,0,0,1,1,0,0
278,t_xx279,0,0,1,1,0,0
279,t_xx280,0,0,1,1,0,0
280,t_xx281,0,0,1,1,0,0
281,t_xx282,0,0,1,1,0,0
282,t_xx283,0,0,1,1,0,0
283,t_xx284,0,0,1,1,0,0
284,t_xx285,0,0,1,1,0,0
285,t_xx286,0,0,1,1,0,0
286,t_xx287,0,0,1,1,0,0
287,t_xx288,0,0,1,1,0,0
288,t_xx289,0,0,1,1,0,0
289,t_xx290,0,0,1,1,0,0
290,t_xx291,0,0,1,1,0,0
291,t_xx292,0,0,1,1,0,0
292,t_xx293,0,0,1,1,0,0
293,t_xx294,0,0,1,1,0,0
294,t_xx295,0,0,1,1,0,0
295,t_xx296,0,0,1,1,0,0
296,t_xx297,0,0,1,1,0,0
297,t_xx298,0,0,1,1,0,0
298,t_xx299,0,0,1,1,0,0
299,t_xx300,0,0,1,1,0,0
300,t_xx301,0,0,1,1,0,0
301,t_xx302,0,0,1,1,0,0
302,t_xx303,0,0,1,1,0,0
303,t_xx304,0,0,1,1,0,0
304,t_xx305,0,0,1,1,0,0
305,t_xx306,0,0,1,1,0,0
306,t_xx307,0,0,1,1,0,0
307,t_xx308,0,0,1,1,0,0
308,t_xx309,0,0,1,1,0,0
309,t_xx310,0,0,1,1,0,0
310,t_xx311,0,0,1,1,0,0
311,t_xx312,0,0,1,1,0,0
312,t_xx313,0,0,1,1,0,0
313,t_xx314,0,0,1,1,0,0
314,t_xx315,0,0,1,1,0,0
315,t_xx316,0,0,1,1,0,0
316,t_xx317,0,0,1,1,0,0
317,t_xx318,0,0,1,1,0,0
318,t_xx319,0,0,1,1,0,0
319,t_xx320,0,0,1,1,0,0
320,t_xx321,0,0,1,1,0,0
321,t_xx322,0,0,1,1,0,0
322,t_xx323,0,0,1,1,0,0
323,t_xx324,0,0,1,1,0,0
324,t_xx325,0,0,1,1,0,0
325,t_xx326,0,0,1,1,0,0
326,t_xx327,0,0,1,1,0,0
327,t_xx328,0,0,1,1,0,0
328,t_xx329,0,0,1,1,0,0
329,t_xx330,0,0,1,1,0,0
330,t_xx331,0,0,1,1,0,0
331,t_xx332,0,0,1,1,0,0
332,t_xx333,0,0,1,1,0,0
333,t_xx334,0,0,1,1,0,0
334,t_xx335,0,0,1,1,0,0
335,t_xx336,0,0,1,1,0,0
336,t_xx337,0,0,1,1,0,0
337,t_xx338,0,0,1,1,0,0
338,t_xx339,0,0,1,1,0,0
339,t_xx340,0,0,1,1,0,0
340,t_xx341,0,0,1,1,0,0
341,t_xx342,0,0,1,1,0,0
342,t_xx343,0,0,1,1,0,0
343,t_xx344,0,0,1,1,0,0
344,t_xx345,0,0,1,1,0,0
345,t_xx346,0,0,1,1,0,0
346,t_xx347,0,0,1,1,0,0
347,t_xx348,0,0,1,1,0,0
348,t_xx349,0,0,1,1,0,0
349,t_xx350,0,0,1,1,0,0
350,t_xx351,0,0,1,1,0,0
351,t_xx352,0,0,1,1,0,0
352,t_xx353,0,0,1,1,0,0
353,t_xx354,0,0,1,1,0,0
354,t_xx355,0,0,1,1,0,0
355,t_xx356,0,0,1,1,0,0
356,t_xx357,0,0,1,1,0,0
357,t_xx358,0,0,1,1,0,0
358,t_xx359,0,0,1,1,0,0
359,t_xx360,0,0,1,1,0,0
360,t_xx361,0,0,1,1,0,0
361,t_xx362,0,0,1,1,0,0
362,t_xx363,0,0,1,1,0,0
363,t_xx364,0,0,1,1,0,0
364,t_xx365,0,0,1,1,0,0
365,t_xx366,0,0,1,1,0,0
366,t_xx367,0,0,1,1,0,0
367,t_xx368,0,0,1,1,0,0
368,t_xx369,0,0,1,1,0,0
369,t_xx370,0,0,1,1,0,0
370,t_xx371,0,0,1,1,0,0
371,t_xx372,0,0,1,1,0,0
372,t_xx373,0,0,1,1,0,0
373,t_xx374,0,0,1,1,0,0
374,t_xx375,0,0,1,1,0,0
375,t_xx376,0,0,1,1,0,0
376,t_xx377,0,0,1,1,0,0
377,t_xx378,0,0,1,1,0,0
378,t_xx379,0,0,1,1,0,0
379,t_xx380,0,0,1,1,0,0
380,t_xx381,0,0,1,1,0,0
381,t_xx382,0,0,1,1,0,0
382,t_xx383,0,0,1,1,0,0
383,t_xx384,0,0,1,1,0,0
384,t_b1,0,0,1,1,1,1
385,t_b2,0,0,1,1,1,1
386,t_b3,0,0,1,1,1,1
387,t_b4,0,0,1,1,1,1
388,t_b5,0,0,1,1,1,1
389,t_b6,0,0,1,1,1,1
390,t_b7,0,0,1,1,1,1
391,t_b8,0,0,1,1,1,1
392,t_b9,0,0,1,1,1,1
393,t_b10,0,0,1,1,1,1
394,t_b11,0,0,1,1,1,1
395,t_b12,0,0,1,1,1,1
396,t_b13,0,0,1,1,1,1
397,t_b14,0,0,1,1,1,1
398,t_b15,0,0,1,1,1,1
399,t_b16,0,0,1,1,1,1
400,t_b17,0,0,1,1,1,1
401,t_b18,0,0,1,1,1,1
402,t_b19,0,0,1,1,1,1
403,t_b20,0,0,1,1,1,1
404,t_b21,0,0,1,1,1,1
405,t_b22,0,0,1,1,1,1
406,t_b23,0,0,1,1,0,1
407,t_b24,0,0,1,1,1,1
408,t_b25,0,0,1,1,1,1
409,t_b26,0,0,1,1,1,1
410,t_b27,0,0,1,1,1,1
411,t_b28,0,0,1,1,1,1
412,t_b29,0,0,1,1,1,1
413,t_b30,0,0,1,1,1,1
414,t_b31,0,0,1,1,1,1
415,t_b32,0,0,1,1,1,1
416,t_b33,0,0,1,1,1,1
417,t_b34,0,0,1,1,1,1
418,t_b35,0,0,1,1,1,1
419,t_b36,0,0,1,1,1,1
420,t_b37,0,0,1,1,1,1
421,t_b38,0,0,1,1,1,1
422,t_b39,0,0,1,1,1,1
423,t_b40,0,0,1,1,1,1
424,t_b41,0,0,1,1,1,1
425,t_b42,0,0,1,1,1,1
426,t_b43,0,0,1,1,1,1
427,t_b44,0,0,1,1,1,1
428,t_b45,0,0,1,1,1,1
429,t_b46,0,0,1,1,1,1
430,t_b47,0,0,1,1,1,1
431,t_b48,0,0,1,1,1,1
432,t_b49,0,0,1,1,1,1
433,t_b50,0,0,1,1,1,1
434,t_b51,0,0,1,1,1,1
435,t_b52,0,0,1,1,1,1
436,t_b53,0,0,1,1,1,1
437,t_b54,0,0,1,1,1,1
438,t_b55,0,0,1,1,1,1
439,t_b56,0,0,1,1,1,1
440,t_b57,0,0,1,1,1,1
441,t_b58,0,0,1,1,1,1
442,t_b59,0,0,1,1,1,1
443,t_b60,0,0,1,1,1,1
444,t_b61,0,0,1,1,1,1
445,t_b62,0,0,1,1,1,1
446,t_b63,0,0,1,1,1,1
447,t_b64,0,0,1,1,1,1
448,t_b65,0,0,1,1,1,1
449,t_b66,0,0,1,1,1,1
450,t_b67,0,0,1,1,1,1
451,t_b68,0,0,1,1,1,1
452,t_b69,0,0,1,1,1,1
453,t_b70,0,0,1,1,1,1
454,t_b71,0,0,1,1,1,1
455,t_b72,0,0,1,1,1,1
456,t_b73,0,0,1,1,1,1
457,t_b74,0,0,1,1,1,1
458,t_b75,0,0,1,1,1,1
459,t_b76,0,0,1,1,1,1
460,t_b77,0,0,1,1,1,1
461,t_b78,0,0,1,1,1,1
462,t_b79,0,0,1,1,1,1
463,t_b80,0,0,1,1,1,1
464,t_b81,0,0,1,1,1,1
465,t_b82,0,0,1,1,1,1
466,t_b83,0,0,1,1,1,1
467,t_b84,0,0,1,1,1,1
468,t_b85,0,0,1,1,1,1
469,t_b86,0,0,1,1,1,1
470,t_b87,0,0,1,1,1,1
471,t_b88,0,0,1,1,1,1
472,t_b89,0,0,1,1,1,1
473,t_b90,0,0,1,1,1,1
474,t_b91,0,0,1,1,1,1
475,t_b92,0,0,1,1,1,1
476,t_b93,0,0,1,1,1,1
477,t_b94,0,0,1,1,1,1
478,t_b95,0,0,1,1,1,1
479,t_b96,0,0,1,1,1,1
480,t_b97,0,0,1,1,1,1
481,t_b98,0,0,1,1,1,1
482,t_b99,0,0,1,1,1,1
483,t_b100,0,0,1,1,1,1
484,t_b101,0,0,1,1,1,1
485,t_b102,0,0,1,1,1,1
486,t_b103,0,0,1,1,1,1
487,t_b104,0,0,1,1,1,1
488,t_b105,0,0,1,1,1,1
489,t_b106,0,0,1,1,1,1
490,t_b107,0,0,1,1,1,1
491,t_b108,0,0,1,1,1,1
492,t_b109,0,0,1,1,1,1
493,t_b110,0,0,1,1,1,1
494,t_b111,0,0,1,1,1,1
495,t_b112,0,0,1,1,1,1
496,t_b113,0,0,1,1,1,1
497,t_b114,0,0,1,1,1,1
498,t_b115,0,0,1,1,1,1
499,t_b116,0,0,1,1,1,1
500,t_b117,0,0,1,1,1,1
501,t_b118,0,0,1,1,1,1
502,t_b119,0,0,1,1,1,1
503,t_b120,0,0,1,1,1,1
504,t_b121,0,0,1,1,1,1
505,t_b122,0,0,1,1,1,1
506,t_b123,0,0,1,1,1,1
507,t_b124,0,0,1,1,1,1
508,t_b125,0,0,1,1,1,1
509,t_b126,0,0,1,1,1,1
510,t_b127,0,0,1,1,1,1
511,t_b128,0,0,1,1,1,1
512,t_b129,0,0,1,1,1,1
513,t_b130,0,0,1,1,1,1
514,t_b131,0,0,1,1,1,1
515,t_b132,0,0,1,1,1,1
516,t_b133,0,0,1,1,1,1
517,t_b134,0,0,1,1,1,1
518,t_b135,0,0,1,1,1,1
519,t_b136,0,0,1,1,1,1
520,t_b137,0,0,1,1,1,1
521,t_b138,0,0,1,1,1,1
522,t_b139,0,0,1,1,1,1
523,t_b140,0,0,1,1,1,1
524,t_b141,0,0,1,1,1,1
525,t_b142,0,0,1,1,1,1
526,t_b143,0,0,1,1,1,1
527,t_b144,0,0,1,1,1,1
528,t_b145,0,0,1,1,1,1
529,t_b146,0,0,1,1,1,1
530,t_b147,0,0,1,1,1,1
531,t_b148,0,0,1,1,1,1
532,t_b149,0,0,1,1,1,1
533,t_b150,0,0,1,1,1,1
534,t_b151,0,0,1,1,1,1
535,t_b152,0,0,1,1,1,1
536,t_b153,0,0,1,1,1,1
537,t_b154,0,0,1,1,1,1
538,t_b155,0,0,1,1,1,1
539,t_b156,0,0,1,1,1,1
540,t_b157,0,0,1,1,1,1
541,t_b158,0,0,1,1,1,1
542,t_b159,0,0,1,1,1,1
543,t_b160,0,0,1,1,1,1
544,t_b161,0,0,1,1,1,1
545,t_b162,0,0,1,1,1,1
546,t_b163,0,0,1,1,1,1
547,t_b164,0,0,1,1,1,1
548,t_b165,0,0,1,1,1,1
549,t_b166,0,0,1,1,1,1
550,t_b167,0,0,1,1,1,1
551,t_b168,0,0,1,1,1,1
552,t_b169,0,0,1,1,1,1
553,t_b170,0,0,1,1,1,1
554,t_b171,0,0,1,1,1,1
555,t_b172,0,0,1,1,1,1
556,t_b173,0,0,1,1,1,1
557,t_b174,0,0,1,1,1,1
558,t_b175,0,0,1,1,1,1
559,t_b176,0,0,1,1,1,1
560,t_b177,0,0,1,1,1,1
561,t_b178,0,0,1,1,1,1
562,t_b179,0,0,1,1,1,1
563,t_b180,0,0,1,1,1,1
564,t_b181,0,0,1,1,1,1
565,t_b182,0,0,1,1,1,1
566,t_b183,0,0,1,1,1,1
567,t_b184,0,0,1,1,1,1
568,t_b185,0,0,1,1,1,1
569,t_b186,0,0,1,1,1,1
570,t_b187,0,0,1,1,1,1
571,t_b188,0,0,1,1,1,1
572,t_b189,0,0,1,1,1,1
573,t_b190,0,0,1,1,1,1
574,t_b191,0,0,1,1,1,1
575,t_b192,0,0,1,1,1,1
576,t_b193,0,0,1,1,1,1
577,t_b194,0,0,1,1,1,1
578,t_b195,0,0,1,1,1,1
579,t_b196,0,0,1,1,1,1
580,t_b197,0,0,1,1,1,1
581,t_b198,0,0,1,1,1,1
582,t_b199,0,0,1,1,1,1
583,t_b200,0,0,1,1,1,1
584,t_b201,0,0,1,1,1,1
585,t_b202,0,0,1,1,1,1
586,t_b203,0,0,1,1,1,1
587,t_b204,0,0,1,1,1,1
588,t_b205,0,0,1,1,1,1
589,t_b206,0,0,1,1,1,1
590,t_b207,0,0,1,1,1,1
591,t_b208,0,0,1,1,1,1
592,t_b209,0,0,1,1,1,1
593,t_b210,0,0,1,1,1,1
594,t_b211,0,0,1,1,1,1
595,t_b212,0,0,1,1,1,1
596,t_b213,0,0,1,1,1,1
597,t_b214,0,0,1,1,1,1
598,t_b215,0,0,1,1,1,1
599,t_b216,0,0,1,1,1,1
600,t_b217,0,0,1,1,1,1
601,t_b218,0,0,1,1,1,1
602,t_b219,0,0,1,1,1,1
603,t_b220,0,0,1,1,1,1
604,t_b221,0,0,1,1,1,1
605,t_b222,0,0,1,1,1,1
606,t_b223,0,0,1,1,1,1
607,t_b224,0,0,1,1,1,1
608,t_b225,0,0,1,1,1,1
609,t_b226,0,0,1,1,1,1
610,t_b227,0,0,1,1,1,1
611,t_b228,0,0,1,1,1,1
612,t_b229,0,0,1,1,1,1
613,t_b230,0,0,1,1,1,1
614,t_b231,0,0,1,1,1,1
615,t_b232,0,0,1,1,1,1
616,t_b233,0,0,1,1,1,1
617,t_b234,0,0,1,1,1,1
618,t_b235,0,0,1,1,1,1
619,t_b236,0,0,1,1,1,1
620,t_b237,0,0,1,1,1,1
621,t_b238,0,0,1,1,1,1
622,t_b239,0,0,1,1,1,1
623,t_b240,0,0,1,1,1,1
624,t_b241,0,0,1,1,1,1
625,t_b242,0,0,1,1,1,1
626,t_b243,0,0,1,1,1,1
627,t_b244,0,0,1,1,1,1
628,t_b245,0,0,1,1,1,1
629,t_b246,0,0,1,1,1,1
630,t_b247,0,0,1,1,1,1
631,t_b248,0,0,1,1,1,1
632,t_b249,0,0,1,1,1,1
633,t_b250,0,0,1,1,1,1
634,t_b251,0,0,1,1,1,1
635,t_b252,0,0,1,1,1,1
636,t_b253,0,0,1,1,1,1
637,t_b254,0,0,1,1,1,1
638,t_b255,0,0,1,1,1,1
639,t_b256,0,0,1,1,1,1
640,t_b257,0,0,1,1,1,1
641,t_b258,0,0,1,1,1,1
642,t_b259,0,0,1,1,1,1
643,t_b260,0,0,1,1,1,1
644,t_b261,0,0,1,1,1,1
645,t_b262,0,0,1,1,1,1
646,t_b263,0,0,1,1,1,1
647,t_b264,0,0,1,1,1,1
648,t_b265,0,0,1,1,1,1
649,t_b266,0,0,1,1,1,1
650,t_b267,0,0,1,1,1,1
651,t_b268,0,0,1,1,1,1
652,t_b269,0,0,1,1,1,1
653,t_b270,0,0,1,1,1,1
654,t_b271,0,0,1,1,1,1
655,t_b272,0,0,1,1,1,1
656,t_b273,0,0,1,1,1,1
657,t_b274,0,0,1,1,1,1
658,t_b275,0,0,1,1,1,1
659,t_b276,0,0,1,1,1,1
660,t_b277,0,0,1,1,1,1
661,t_b278,0,0,1,1,1,1
662,t_b279,0,0,1,1,1,1
663,t_b280,0,0,1,1,1,1
664,t_b281,0,0,1,1,1,1
665,t_b282,0,0,1,1,1,1
666,t_b283,0,0,1,1,1,1
667,t_b284,0,0,1,1,1,1
668,t_b285,0,0,1,1,1,1
669,t_b286,0,0,1,1,1,1
670,t_b287,0,0,1,1,1,1
671,t_b288,0,0,1,1,1,1
672,t_b289,0,0,1,1,1,1
673,t_b290,0,0,1,1,1,1
674,t_b291,0,0,1,1,1,1
675,t_b292,0,0,1,1,1,1
676,t_b293,0,0,1,1,1,1
677,t_b294,0,0,1,1,1,1
678,t_b295,0,0,1,1,1,1
679,t_b296,0,0,1,1,1,1
680,t_b297,0,0,1,1,1,1
681,t_b298,0,0,1,1,1,1
682,t_b299,0,0,1,1,1,1
683,t_b300,0,0,1,1,1,1
684,t_b301,0,0,1,1,1,1
685,t_b302,0,0,1,1,1,1
686,t_b303,0,0,1,1,1,1
687,t_b304,0,0,1,1,1,1
688,t_b305,0,0,1,1,1,1
689,t_b306,0,0,1,1,1,1
690,t_b307,0,0,1,1,1,1
691,t_b308,0,0,1,1,1,1
692,t_b309,0,0,1,1,1,1
693,t_b310,0,0,1,1,1,1
694,t_b311,0,0,1,1,1,1
695,t_b312,0,0,1,1,1,1
696,t_b313,0,0,1,1,1,1
697,t_b314,0,0,1,1,1,1
698,t_b315,0,0,1,1,1,1
699,t_b316,0,0,1,1,1,1
700,t_b317,0,0,1,1,1,1
701,t_b318,0,0,1,1,1,1
702,t_b319,0,0,1,1,1,1
703,t_b320,0,0,1,1,1,1
704,t_b321,0,0,1,1,1,1
705,t_b322,0,0,1,1,1,1
706,t_b323,0,0,1,1,1,1
707,t_b324,0,0,1,1,1,1
708,t_b325,0,0,1,1,1,1
709,t_b326,0,0,1,1,1,1
710,t_b327,0,0,1,1,1,1
711,t_b328,0,0,1,1,1,1
712,t_b329,0,0,1,1,1,1
713,t_b330,0,0,1,1,1,1
714,t_b331,0,0,1,1,1,1
715,t_b332,0,0,1,1,1,1
716,t_b333,0,0,1,1,1,1
717,t_b334,0,0,1,1,1,1
718,t_b335,0,0,1,1,1,1
719,t_b336,0,0,1,1,1,1
720,t_b337,0,0,1,1,1,1
721,t_b338,0,0,1,1,1,1
722,t_b339,0,0,1,1,1,1
723,t_b340,0,0,1,1,1,1
724,t_b341,0,0,1,1,1,1
725,t_b342,0,0,1,1,1,1
726,t_b343,0,0,1,1,1,1
727,t_b344,0,0,1,1,1,1
728,t_b345,0,0,1,1,1,1
729,t_b346,0,0,1,1,1,1
730,t_b347,0,0,1,1,1,1
731,t_b348,0,0,1,1,1,1
732,t_b349,0,0,1,1,1,1
733,t_b350,0,0,1,1,1,1
734,t_b351,0,0,1,1,1,1
735,t_b352,0,0,1,1,1,1
736,t_b353,0,0,1,1,1,1
737,t_b354,0,0,1,1,1,1
738,t_b355,0,0,1,1,1,1
739,t_b356,0,0,1,1,1,1
740,t_b357,0,0,1,1,1,1
741,t_b358,0,0,1,1,1,1
742,t_b359,0,0,1,1,1,1
743,t_b360,0,0,1,1,1,1
744,t_b361,0,0,1,1,1,1
745,t_b362,0,0,1,1,1,1
746,t_b363,0,0,1,1,1,1
747,t_b364,0,0,1,1,1,1
748,t_b365,0,0,1,1,1,1
749,t_b366,0,0,1,1,1,1
750,t_b367,0,0,1,1,1,1
751,t_b368,0,0,1,1,1,1
752,t_b369,0,0,1,1,1,1
753,t_b370,0,0,1,1,1,1
754,t_b371,0,0,1,1,1,1
755,t_b372,0,0,1,1,1,1
756,t_b373,0,0,1,1,1,1
757,t_b374,0,0,1,1,1,1
758,t_b375,0,0,1,1,1,1
759,t_b376,0,0,1,1,1,1
760,t_b377,0,0,1,1,1,1
761,t_b378,0,0,1,1,1,1
762,t_b379,0,0,1,1,1,1
763,t_b380,0,0,1,1,1,1
764,t_b381,0,0,1,1,1,1
765,t_b382,0,0,1,1,1,1
766,t_b383,0,0,1,1,1,1
767,t_b384,0,0,1,1,1,1
768,n_xx1,0,0,0,0,0,0
769,n_xx2,0,0,0,0,0,0
770,n_xx3,0,0,0,0,0,0
771,n_xx4,0,0,0,0,0,0
772,n_xx5,0,0,0,0,0,0
773,n_xx6,0,0,0,0,0,0
774,n_xx7,0,0,0,0,0,0
775,n_xx8,0,0,0,0,0,0
776,n_xx9,0,0,0,0,0,0
777,n_xx10,0,0,0,0,0,0
778,n_xx11,0,0,0,0,0,0
779,n_xx12,0,0,0,0,0,0
780,n_xx13,0,0,0,0,0,0
781,n_xx14,0,0,0,0,0,0
782,n_xx15,0,0,0,0,0,0
783,n_xx16,0,0,0,0,0,0
784,n_xx17,0,0,0,0,0,0
785,n_xx18,0,0,0,0,0,0
786,n_xx19,0,0,0,0,0,0
787,n_xx20,0,0,0,0,0,0
788,n_xx21,0,0,0,0,0,0
789,n_xx22,0,0,0,0,0,0
790,n_xx23,0,0,0,0,0,0
791,n_xx24,0,0,0,0,0,0
792,n_xx25,0,0,0,0,0,0
793,n_xx26,0,0,0,0,0,0
794,n_xx27,0,0,0,0,0,0
795,n_xx28,0,0,0,0,0,0
796,n_xx29,0,0,0,0,0,0
797,n_xx30,0,0,0,0,0,0
798,n_xx31,0,0,0,0,0,0
799,n_xx32,0,0,0,0,0,0
800,n_xx33,0,0,0,0,0,0
801,n_xx34,0,0,0,0,0,0
802,n_xx35,0,0,0,0,0,0
803,n_xx36,0,0,0,0,0,0
804,n_xx37,0,0,0,0,0,0
805,n_xx38,0,0,0,0,0,0
806,n_xx39,0,0,0,0,0,0
807,n_xx40,0,0,0,0,0,0
808,n_xx41,0,0,0,0,0,0
809,n_xx42,0,0,0,0,0,0
810,n_xx43,0,0,0,0,0,0
811,n_xx44,0,0,0,0,0,0
812,n_xx45,0,0,0,0,0,0
813,n_xx46,0,0,0,0,0,0
814,n_xx47,0,0,0,0,0,0
815,n_xx48,0,0,0,0,0,0
816,n_xx49,0,0,0,0,0,0
817,n_xx50,0,0,0,0,0,0
818,n_xx51,0,0,0,0,0,0
819,n_xx52,0,0,0,0,0,0
820,n_xx53,0,0,0,0,0,0
821,n_xx54,0,0,0,0,0,0
822,n_xx55,0,0,0,0,0,0
823,n_xx56,0,0,0,0,0,0
824,n_xx57,0,0,0,0,0,0
825,n_xx58,0,0,0,0,0,0
826,n_xx59,0,0,0,0,0,0
827,n_xx60,0,0,0,0,0,0
828,n_xx61,0,0,0,0,0,0
829,n_xx62,0,0,0,0,0,0
830,n_xx63,0,0,0,0,0,0
831,n_xx64,0,0,0,0,0,0
832,n_xx65,0,0,0,0,0,0
833,n_xx66,0,0,0,0,0,0
834,n_xx67,0,0,0,0,0,0
835,n_xx68,0,0,0,0,0,0
836,n_xx69,0,0,0,0,0,0
837,n_xx70,0,0,0,0,0,0
838,n_xx71,0,0,0,0,0,0
839,n_xx72,0,0,0,0,0,0
840,n_xx73,0,0,0,0,0,0
841,n_xx74,0,0,0,0,0,0
842,n_xx75,0,0,0,0,0,0
843,n_xx76,0,0,0,0,0,0
844,n_xx77,0,0,0,0,0,0
845,n_xx78,0,0,0,0,0,0
846,n_xx79,0,0,0,0,0,0
847,n_xx80,0,0,0,0,0,0
848,n_xx81,0,0,0,0,0,0
849,n_xx82,0,0,0,0,0,0
850,n_xx83,0,0,0,0,0,0
851,n_xx84,0,0,0,0,0,0
852,n_xx85,0,0,0,0,0,0
853,n_xx86,0,0,0,0,0,0
854,n_xx87,0,0,0,0,0,0
855,n_xx88,0,0,0,0,0,0
856,n_xx89,0,0,0,0,0,0
857,n_xx90,0,0,0,0,0,0
858,n_xx91,0,0,0,0,0,0
859,n_xx92,0,0,0,0,0,0
860,n_xx93,0,0,0,0,0,0
861,n_xx94,0,0,0,0,0,0
862,n_xx95,0,0,0,0,0,0
863,n_xx96,0,0,0,0,0,0
864,n_xx97,0,0,0,0,0,0
865,n_xx98,0,0,0,0,0,0
866,n_xx99,0,0,0,0,0,0
867,n_xx100,0,0,0,0,0,0
868,n_xx101,0,0,0,0,0,0
869,n_xx102,0,0,0,0,0,0
870,n_xx103,0,0,0,0,0,0
871,n_xx104,0,0,0,0,0,0
872,n_xx105,0,0,0,0,0,0
873,n_xx106,0,0,0,0,0,0
874,n_xx107,0,0,0,0,0,0
875,n_xx108,0,0,0,0,0,0
876,n_xx109,0,0,0,0,0,0
877,n_xx110,0,0,0,0,0,0
878,n_xx111,0,0,0,0,0,0
879,n_xx112,0,0,0,0,0,0
880,n_xx113,0,0,0,0,0,0
881,n_xx114,0,0,0,0,0,0
882,n_xx115,0,0,0,0,0,0
883,n_xx116,0,0,0,0,0,0
884,n_xx117,0,0,0,0,0,0
885,n_xx118,0,0,0,0,0,0
886,n_xx119,0,0,0,0,0,0
887,n_xx120,0,0,0,0,0,0
888,n_xx121,0,0,0,0,0,0
889,n_xx122,0,0,0,0,0,0
890,n_xx123,0,0,0,0,0,0
891,n_xx124,0,0,0,0,0,0
892,n_xx125,0,0,0,0,0,0
893,n_xx126,0,0,0,0,0,0
894,n_xx127,0,0,0,0,0,0
895,n_xx128,0,0,0,0,0,0
896,n_xx129,0,0,0,0,0,0
897,n_xx130,0,0,0,0,0,0
898,n_xx131,0,0,0,0,0,0
899,n_xx132,0,0,0,0,0,0
900,n_xx133,0,0,0,0,0,0
901,n_xx134,0,0,0,0,0,0
902,n_xx135,0,0,0,0,0,0
903,n_xx136,0,0,0,0,0,0
904,n_xx137,0,0,0,0,0,0
905,n_xx138,0,0,0,0,0,0
906,n_xx139,0,0,0,0,0,0
907,n_xx140,0,0,0,0,0,0
908,n_xx141,0,0,0,0,0,0
909,n_xx142,0,0,0,0,0,0
910,n_xx143,0,0,0,0,0,0
911,n_xx144,0,0,0,0,0,0
912,n_xx145,0,0,0,0,0,0
913,n_xx146,0,0,0,0,0,0
914,n_xx147,0,0,0,0,0,0
915,n_xx148,0,0,0,0,0,0
916,n_xx149,0,0,0,0,0,0
917,n_xx150,0,0,0,0,0,0
918,n_xx151,0,0,0,0,0,0
919,n_xx152,0,0,0,0,0,0
920,n_xx153,0,0,0,0,0,0
921,n_xx154,0,0,0,0,0,0
922,n_xx155,0,0,0,0,0,0
923,n_xx156,0,0,0,0,0,0
924,n_xx157,0,0,0,0,0,0
925,n_xx158,0,0,0,0,0,0
926,n_xx159,0,0,0,0,0,0
927,n_xx160,0,0,0,0,0,0
928,n_xx161,0,0,0,0,0,0
929,n_xx162,0,0,0,0,0,0
930,n_xx163,0,0,0,0,0,0
931,n_xx164,0,0,0,0,0,0
932,n_xx165,0,0,0,0,0,0
933,n_xx166,0,0,0,0,0,0
934,n_xx167,0,0,0,0,0,0
935,n_xx168,0,0,0,0,0,0
936,n_xx169,0,0,0,0,0,0
937,n_xx170,0,0,0,0,0,0
938,n_xx171,0,0,0,0,0,0
939,n_xx172,0,0,0,0,0,0
940,n_xx173,0,0,0,0,0,0
941,n_xx174,0,0,0,0,0,0
942,n_xx175,0,0,0,0,0,0
943,n_xx176,0,0,0,0,0,0
944,n_xx177,0,0,0,0,0,0
945,n_xx178,0,0,0,0,0,0
946,n_xx179,0,0,0,0,0,0
947,n_xx180,0,0,0,0,0,0
948,n_xx181,0,0,0,0,0,0
949,n_xx182,0,0,0,0,0,0
950,n_xx183,0,0,0,0,0,0
951,n_xx184,0,0,0,0,0,0
952,n_xx185,0,0,0,0,0,0
953,n_xx186,0,0,0,0,0,0
954,n_xx187,0,0,0,0,0,0
955,n_xx188,0,0,0,0,0,0
956,n_xx189,0,0,0,0,0,0
957,n_xx190,0,0,0,0,0,0
958,n_xx191,0,0,0,0,0,0
959,n_xx192,0,0,0,0,0,0
960,n_xx193,0,0,0,0,0,0
961,n_xx194,0,0,0,0,0,0
962,n_xx195,0,0,0,0,0,0
963,n_xx196,0,0,0,0,0,0
964,n_xx197,0,0,0,0,0,0
965,n_xx198,0,0,0,0,0,0
966,n_xx199,0,0,0,0,0,0
967,n_xx200,0,0,0,0,0,0
968,n_xx201,0,0,0,0,0,0
969,n_xx202,0,0,0,0,0,0
970,n_xx203,0,0,0,0,0,0
971,n_xx204,0,0,0,0,0,0
972,n_xx205,0,0,0,0,0,0
973,n_xx206,0,0,0,0,0,0
974,n_xx207,0,0,0,0,0,0
975,n_xx208,0,0,0,0,0,0
976,n_xx209,0,0,0,0,0,0
977,n_xx210,0,0,0,0,0,0
978,n_xx211,0,0,0,0,0,0
979,n_xx212,0,0,0,0,0,0
980,n_xx213,0,0,0,0,0,0
981,n_xx214,0,0,0,0,0,0
982,n_xx215,0,0,0,0,0,0
983,n_xx216,0,0,0,0,0,0
984,n_xx217,0,0,0,0,0,0
985,n_xx218,0,0,0,0,0,0
986,n_xx219,0,0,0,0,0,0
987,n_xx220,0,0,0,0,0,0
988,n_xx221,0,0,0,0,0,0
989,n_xx222,0,0,0,0,0,0
990,n_xx223,0,0,0,0,0,0
991,n_xx224,0,0,0,0,0,0
992,n_xx225,0,0,0,0,0,0
993,n_xx226,0,0,0,0,0,0
994,n_xx227,0,0,0,0,0,0
995,n_xx228,0,0,0,0,0,0
996,n_xx229,0,0,0,0,0,0
997,n_xx230,0,0,0,0,0,0
998,n_xx231,0,0,0,0,0,0
999,n_xx232,0,0,0,0,0,0
1000,n_xx233,0,0,0,0,0,0
1001,n_xx234,0,0,0,0,0,0
1002,n_xx235,0,0,0,0,0,0
1003,n_xx236,0,0,0,0,0,0
1004,n_xx237,0,0,0,0,0,0
1005,n_xx238,0,0,0,0,0,0
1006,n_xx239,0,0,0,0,0,0
1007,n_xx240,0,0,0,0,0,0
1008,n_xx241,0,0,0,0,0,0
1009,n_xx242,0,0,0,0,0,0
1010,n_xx243,0,0,0,0,0,0
1011,n_xx244,0,0,0,0,0,0
1012,n_xx245,0,0,0,0,0,0
1013,n_xx246,0,0,0,0,0,0
1014,n_xx247,0,0,0,0,0,0
1015,n_xx248,0,0,0,0,0,0
1016,n_xx249,0,0,0,0,0,0
1017,n_xx250,0,0,0,0,0,0
1018,n_xx251,0,0,0,0,0,0
1019,n_xx252,0,0,0,0,0,0
1020,n_xx253,0,0,0,0,0,0
1021,n_xx254,0,0,0,0,0,0
1022,n_xx255,0,0,0,0,0,0
1023,n_xx256,0,0,0,0,0,0
1024,n_xx257,0,0,0,0,0,0
1025,n_xx258,0,0,0,0,0,0
1026,n_xx259,0,0,0,0,0,0
1027,n_xx260,0,0,0,0,0,0
1028,n_xx261,0,0,0,0,0,0
1029,n_xx262,0,0,0,0,0,0
1030,n_xx263,0,0,0,0,0,0
1031,n_xx264,0,0,0,0,0,0
1032,n_xx265,0,0,0,0,0,0
1033,n_xx266,0,0,0,0,0,0
1034,n_xx267,0,0,0,0,0,0
1035,n_xx268,0,0,0,0,0,0
1036,n_xx269,0,0,0,0,0,0
1037,n_xx270,0,0,0,0,0,0
1038,n_xx271,0,0,0,0,0,0
1039,n_xx272,0,0,0,0,0,0
1040,n_xx273,0,0,0,0,0,0
1041,n_xx274,0,0,0,0,0,0
1042,n_xx275,0,0,0,0,0,0
1043,n_xx276,0,0,0,0,0,0
1044,n_xx277,0,0,0,0,0,0
1045,n_xx278,0,0,0,0,0,0
1046,n_xx279,0,0,0,0,0,0
1047,n_xx280,0,0,0,0,0,0
1048,n_xx281,0,0,0,0,0,0
1049,n_xx282,0,0,0,0,0,0
1050,n_xx283,0,0,0,0,0,0
1051,n_xx284,0,0,0,0,0,0
1052,n_xx285,0,0,0,0,0,0
1053,n_xx286,0,0,0,0,0,0
1054,n_xx287,0,0,0,0,0,0
1055,n_xx288,0,0,0,0,0,0
1056,n_xx289,0,0,0,0,0,0
1057,n_xx290,0,0,0,0,0,0
1058,n_xx291,0,0,0,0,0,0
1059,n_xx292,0,0,0,0,0,0
1060,n_xx293,0,0,0,0,0,0
1061,n_xx294,0,0,0,0,0,0
1062,n_xx295,0,0,0,0,0,0
1063,n_xx296,0,0,0,0,0,0
1064,n_xx297,0,0,0,0,0,0
1065,n_xx298,0,0,0,0,0,0
1066,n_xx299,0,0,0,0,0,0
1067,n_xx300,0,0,0,0,0,0
1068,n_xx301,0,0,0,0,0,0
1069,n_xx302,0,0,0,0,0,0
1070,n_xx303,0,0,0,0,0,0
1071,n_xx304,0,0,0,0,0,0
1072,n_xx305,0,0,0,0,0,0
1073,n_xx306,0,0,0,0,0,0
1074,n_xx307,0,0,0,0,0,0
1075,n_xx308,0,0,0,0,0,0
1076,n_xx309,0,0,0,0,0,0
1077,n_xx310,0,0,0,0,0,0
1078,n_xx311,0,0,0,0,0,0
1079,n_xx312,0,0,0,0,0,0
1080,n_xx313,0,0,0,0,0,0
1081,n_xx314,0,0,0,0,0,0
1082,n_xx315,0,0,0,0,0,0
1083,n_xx316,0,0,0,0,0,0
1084,n_xx317,0,0,0,0,0,0
1085,n_xx318,0,0,0,0,0,0
1086,n_xx319,0,0,0,0,0,0
1087,n_xx320,0,0,0,0,0,0
1088,n_xx321,0,0,0,0,0,0
1089,n_xx322,0,0,0,0,0,0
1090,n_xx323,0,0,0,0,0,0
1091,n_xx324,0,0,0,0,0,0
1092,n_xx325,0,0,0,0,0,0
1093,n_xx326,0,0,0,0,0,0
1094,n_xx327,0,0,0,0,0,0
1095,n_xx328,0,0,0,0,0,0
1096,n_xx329,0,0,0,0,0,0
1097,n_xx330,0,0,0,0,0,0
1098,n_xx331,0,0,0,0,0,0
1099,n_xx332,0,0,0,0,0,0
1100,n_xx333,0,0,0,0,0,0
1101,n_xx334,0,0,0,0,0,0
1102,n_xx335,0,0,0,0,0,0
1103,n_xx336,0,0,0,0,0,0
1104,n_xx337,0,0,0,0,0,0
1105,n_xx338,0,0,0,0,0,0
1106,n_xx339,0,0,0,0,0,0
1107,n_xx340,0,0,0,0,0,0
1108,n_xx341,0,0,0,0,0,0
1109,n_xx342,0,0,0,0,0,0
1110,n_xx343,0,0,0,0,0,0
1111,n_xx344,0,0,0,0,0,0
1112,n_xx345,0,0,0,0,0,0
1113,n_xx346,0,0,0,0,0,0
1114,n_xx347,0,0,0,0,0,0
1115,n_xx348,0,0,0,0,0,0
1116,n_xx349,0,0,0,0,0,0
1117,n_xx350,0,0,0,0,0,0
1118,n_xx351,0,0,0,0,0,0
1119,n_xx352,0,0,0,0,0,0
1120,n_xx353,0,0,0,0,0,0
1121,n_xx354,0,0,0,0,0,0
1122,n_xx355,0,0,0,0,0,0
1123,n_xx356,0,0,0,0,0,0
1124,n_xx357,0,0,0,0,0,0
1125,n_xx358,0,0,0,0,0,0
1126,n_xx359,0,0,0,0,0,0
1127,n_xx360,0,0,0,0,0,0
1128,n_xx361,0,0,0,0,0,0
1129,n_xx362,0,0,0,0,0,0
1130,n_xx363,0,0,0,0,0,0
1131,n_xx364,0,0,0,0,0,0
1132,n_xx365,0,0,0,0,0,0
1133,n_xx366,0,0,0,0,0,0
1134,n_xx367,0,0,0,0,0,0
1135,n_xx368,0,0,0,0,0,0
1136,n_xx369,0,0,0,0,0,0
1137,n_xx370,0,0,0,0,0,0
1138,n_xx371,0,0,0,0,0,0
1139,n_xx372,0,0,0,0,0,0
1140,n_xx373,0,0,0,0,0,0
1141,n_xx374,0,0,0,0,0,0
1142,n_xx375,0,0,0,0,0,0
1143,n_xx376,0,0,0,0,0,0
1144,n_xx377,0,0,0,0,0,0
1145,n_xx378,0,0,0,0,0,0
1146,n_xx379,0,0,0,0,0,0
1147,n_xx380,0,0,0,0,0,0
1148,n_xx381,0,0,0,0,0,0
1149,n_xx382,0,0,0,0,0,0
1150,n_xx383,0,0,0,0,0,0
1151,n_xx384,0,0,0,0,0,0
1152,n_b1,0,0,0,0,1,1
1153,n_b2,0,0,0,0,1,1
1154,n_b3,0,0,0,0,1,1
1155,n_b4,0,0,0,0,1,1
1156,n_b5,0,0,0,0,1,1
1157,n_b6,0,0,0,0,1,1
1158,n_b7,0,0,0,0,1,1
1159,n_b8,0,0,0,0,1,1
1160,n_b9,0,0,0,0,1,1
1161,n_b10,0,0,0,0,1,1
1162,n_b11,0,0,0,0,1,1
1163,n_b12,0,0,0,0,1,1
1164,n_b13,0,0,0,0,1,1
1165,n_b14,0,0,0,0,1,1
1166,n_b15,0,0,0,0,1,1
1167,n_b16,0,0,0,0,1,1
1168,n_b17,0,0,0,0,1,1
1169,n_b18,0,0,0,0,0,1
1170,n_b19,0,0,0,0,1,1
1171,n_b20,0,0,0,0,1,1
1172,n_b21,0,0,0,0,1,1
1173,n_b22,0,0,0,0,1,1
1174,n_b23,0,0,0,0,1,1
1175,n_b24,0,0,0,0,1,1
1176,n_b25,0,0,0,0,1,1
1177,n_b26,0,0,0,0,1,1
1178,n_b27,0,0,0,0,1,1
1179,n_b28,0,0,0,0,1,1
1180,n_b29,0,0,0,0,1,1
1181,n_b30,0,0,0,0,1,1
1182,n_b31,0,0,0,0,1,1
1183,n_b32,0,0,0,0,1,1
1184,n_b33,0,0,0,0,1,1
1185,n_b34,0,0,0,0,1,1
1186,n_b35,0,0,0,0,1,1
1187,n_b36,0,0,0,0,1,1
1188,n_b37,0,0,0,0,1,1
1189,n_b38,0,0,0,0,1,1
1190,n_b39,0,0,0,0,1,1
1191,n_b40,0,0,0,0,1,1
1192,n_b41,0,0,0,0,1,1
1193,n_b42,0,0,0,0,0,1
1194,n_b43,0,0,0,0,1,1
1195,n_b44,0,0,0,0,1,1
1196,n_b45,0,0,0,0,1,1
1197,n_b46,0,0,0,0,0,1
1198,n_b47,0,0,0,0,1,1
1199,n_b48,0,0,0,0,1,1
1200,n_b49,0,0,0,0,1,1
1201,n_b50,0,0,0,0,1,1
1202,n_b51,0,0,0,0,1,1
1203,n_b52,0,0,0,0,1,1
1204,n_b53,0,0,0,0,1,1
1205,n_b54,0,0,0,0,1,1
1206,n_b55,0,0,0,0,1,1
1207,n_b56,0,0,0,0,1,1
1208,n_b57,0,0,0,0,1,1
1209,n_b58,0,0,0,0,1,1
1210,n_b59,0,0,0,0,1,1
1211,n_b60,0,0,0,0,1,1
1212,n_b61,0,0,0,0,1,1
1213,n_b62,0,0,0,0,1,1
1214,n_b63,0,0,0,0,1,1
1215,n_b64,0,0,0,0,1,1
1216,n_b65,0,0,0,0,1,1
1217,n_b66,0,0,0,0,0,1
1218,n_b67,0,0,0,0,1,1
1219,n_b68,0,0,0,0,1,1
1220,n_b69,0,0,0,0,1,1
1221,n_b70,0,0,0,0,1,1
1222,n_b71,0,0,0,0,1,1
1223,n_b72,0,0,0,0,1,1
1224,n_b73,0,0,0,0,1,1
1225,n_b74,0,0,0,0,1,1
1226,n_b75,0,0,0,0,1,1
1227,n_b76,0,0,0,0,1,1
1228,n_b77,0,0,0,0,1,1
1229,n_b78,0,0,0,0,1,1
1230,n_b79,0,0,0,0,1,1
1231,n_b80,0,0,0,0,1,1
1232,n_b81,0,0,0,0,1,1
1233,n_b82,0,0,0,0,1,1
1234,n_b83,0,0,0,0,1,1
1235,n_b84,0,0,0,0,1,1
1236,n_b85,0,0,0,0,1,1
1237,n_b86,0,0,0,0,1,1
1238,n_b87,0,0,0,0,1,1
1239,n_b88,0,0,0,0,1,1
1240,n_b89,0,0,0,0,1,1
1241,n_b90,0,0,0,0,1,1
1242,n_b91,0,0,0,0,1,1
1243,n_b92,0,0,0,0,1,1
1244,n_b93,0,0,0,0,1,1
1245,n_b94,0,0,0,0,1,1
1246,n_b95,0,0,0,0,1,1
1247,n_b96,0,0,0,0,1,1
1248,n_b97,0,0,0,0,1,1
1249,n_b98,0,0,0,0,1,1
1250,n_b99,0,0,0,0,1,1
1251,n_b100,0,0,0,0,1,1
1252,n_b101,0,0,0,0,1,1
1253,n_b102,0,0,0,0,1,1
1254,n_b103,0,0,0,0,1,1
1255,n_b104,0,0,0,0,1,1
1256,n_b105,0,0,0,0,1,1
1257,n_b106,0,0,0,0,1,1
1258,n_b107,0,0,0,0,1,1
1259,n_b108,0,0,0,0,1,1
1260,n_b109,0,0,0,0,1,1
1261,n_b110,0,0,0,0,1,1
1262,n_b111,0,0,0,0,1,1
1263,n_b112,0,0,0,0,1,1
1264,n_b113,0,0,0,0,1,1
1265,n_b114,0,0,0,0,1,1
1266,n_b115,0,0,0,0,1,1
1267,n_b116,0,0,0,0,1,1
1268,n_b117,0,0,0,0,1,1
1269,n_b118,0,0,0,0,1,1
1270,n_b119,0,0,0,0,1,1
1271,n_b120,0,0,0,0,1,1
1272,n_b121,0,0,0,0,1,1
1273,n_b122,0,0,0,0,1,1
1274,n_b123,0,0,0,0,1,1
1275,n_b124,0,0,0,0,1,1
1276,n_b125,0,0,0,0,1,1
1277,n_b126,0,0,0,0,1,1
1278,n_b127,0,0,0,0,1,1
1279,n_b128,0,0,0,0,1,1
1280,n_b129,0,0,0,0,1,1
1281,n_b130,0,0,0,0,1,1
1282,n_b131,0,0,0,0,1,1
1283,n_b132,0,0,0,0,1,1
1284,n_b133,0,0,0,0,1,1
1285,n_b134,0,0,0,0,1,1
1286,n_b135,0,0,0,0,1,1
1287,n_b136,0,0,0,0,1,1
1288,n_b137,0,0,0,0,1,1
1289,n_b138,0,0,0,0,1,1
1290,n_b139,0,0,0,0,1,1
1291,n_b140,0,0,0,0,1,1
1292,n_b141,0,0,0,0,1,1
1293,n_b142,0,0,0,0,1,1
1294,n_b143,0,0,0,0,1,1
1295,n_b144,0,0,0,0,1,1
1296,n_b145,0,0,0,0,1,1
1297,n_b146,0,0,0,0,1,1
1298,n_b147,0,0,0,0,1,1
1299,n_b148,0,0,0,0,1,1
1300,n_b149,0,0,0,0,1,1
1301,n_b150,0,0,0,0,1,1
1302,n_b151,0,0,0,0,1,1
1303,n_b152,0,0,0,0,1,1
1304,n_b153,0,0,0,0,1,1
1305,n_b154,0,0,0,0,1,1
1306,n_b155,0,0,0,0,1,1
1307,n_b156,0,0,0,0,1,1
1308,n_b157,0,0,0,0,1,1
1309,n_b158,0,0,0,0,1,1
1310,n_b159,0,0,0,0,1,1
1311,n_b160,0,0,0,0,1,1
1312,n_b161,0,0,0,0,1,1
1313,n_b162,0,0,0,0,1,1
1314,n_b163,0,0,0,0,1,1
1315,n_b164,0,0,0,0,1,1
1316,n_b165,0,0,0,0,1,1
1317,n_b166,0,0,0,0,1,1
1318,n_b167,0,0,0,0,1,1
1319,n_b168,0,0,0,0,1,1
1320,n_b169,0,0,0,0,1,1
1321,n_b170,0,0,0,0,1,1
1322,n_b171,0,0,0,0,1,1
1323,n_b172,0,0,0,0,1,1
1324,n_b173,0,0,0,0,1,1
1325,n_b174,0,0,0,0,1,1
1326,n_b175,0,0,0,0,1,1
1327,n_b176,0,0,0,0,1,1
1328,n_b177,0,0,0,0,1,1
1329,n_b178,0,0,0,0,1,1
1330,n_b179,0,0,0,0,1,1
1331,n_b180,0,0,0,0,1,1
1332,n_b181,0,0,0,0,1,1
1333,n_b182,0,0,0,0,1,1
1334,n_b183,0,0,0,0,1,1
1335,n_b184,0,0,0,0,1,1
1336,n_b185,0,0,0,0,1,1
1337,n_b186,0,0,0,0,1,1
1338,n_b187,0,0,0,0,1,1
1339,n_b188,0,0,0,0,1,1
1340,n_b189,0,0,0,0,1,1
1341,n_b190,0,0,0,0,1,1
1342,n_b191,0,0,0,0,1,1
1343,n_b192,0,0,0,0,1,1
1344,n_b193,0,0,0,0,1,1
1345,n_b194,0,0,0,0,1,1
1346,n_b195,0,0,0,0,1,1
1347,n_b196,0,0,0,0,1,1
1348,n_b197,0,0,0,0,1,1
1349,n_b198,0,0,0,0,1,1
1350,n_b199,0,0,0,0,1,1
1351,n_b200,0,0,0,0,1,1
1352,n_b201,0,0,0,0,1,1
1353,n_b202,0,0,0,0,1,1
1354,n_b203,0,0,0,0,1,1
1355,n_b204,0,0,0,0,1,1
1356,n_b205,0,0,0,0,1,1
1357,n_b206,0,0,0,0,1,1
1358,n_b207,0,0,0,0,1,1
1359,n_b208,0,0,0,0,1,1
1360,n_b209,0,0,0,0,1,1
1361,n_b210,0,0,0,0,1,1
1362,n_b211,0,0,0,0,1,1
1363,n_b212,0,0,0,0,1,1
1364,n_b213,0,0,0,0,1,1
1365,n_b214,0,0,0,0,1,1
1366,n_b215,0,0,0,0,1,1
1367,n_b216,0,0,0,0,1,1
1368,n_b217,0,0,0,0,1,1
1369,n_b218,0,0,0,0,1,1
1370,n_b219,0,0,0,0,1,1
1371,n_b220,0,0,0,0,1,1
1372,n_b221,0,0,0,0,1,1
1373,n_b222,0,0,0,0,1,1
1374,n_b223,0,0,0,0,1,1
1375,n_b224,0,0,0,0,1,1
1376,n_b225,0,0,0,0,1,1
1377,n_b226,0,0,0,0,1,1
1378,n_b227,0,0,0,0,1,1
1379,n_b228,0,0,0,0,1,1
1380,n_b229,0,0,0,0,1,1
1381,n_b230,0,0,0,0,1,1
1382,n_b231,0,0,0,0,1,1
1383,n_b232,0,0,0,0,1,1
1384,n_b233,0,0,0,0,1,1
1385,n_b234,0,0,0,0,1,1
1386,n_b235,0,0,0,0,1,1
1387,n_b236,0,0,0,0,1,1
1388,n_b237,0,0,0,0,1,1
1389,n_b238,0,0,0,0,1,1
1390,n_b239,0,0,0,0,1,1
1391,n_b240,0,0,0,0,1,1
1392,n_b241,0,0,0,0,1,1
1393,n_b242,0,0,0,0,1,1
1394,n_b243,0,0,0,0,1,1
1395,n_b244,0,0,0,0,1,1
1396,n_b245,0,0,0,0,1,1
1397,n_b246,0,0,0,0,1,1
1398,n_b247,0,0,0,0,1,1
1399,n_b248,0,0,0,0,1,1
1400,n_b249,0,0,0,0,1,1
1401,n_b250,0,0,0,0,1,1
1402,n_b251,0,0,0,0,1,1
1403,n_b252,0,0,0,0,1,1
1404,n_b253,0,0,0,0,1,1
1405,n_b254,0,0,0,0,1,1
1406,n_b255,0,0,0,0,1,1
1407,n_b256,0,0,0,0,1,1
1408,n_b257,0,0,0,0,1,1
1409,n_b258,0,0,0,0,1,1
1410,n_b259,0,0,0,0,1,1
1411,n_b260,0,0,0,0,1,1
1412,n_b261,0,0,0,0,1,1
1413,n_b262,0,0,0,0,1,1
1414,n_b263,0,0,0,0,1,1
1415,n_b264,0,0,0,0,1,1
1416,n_b265,0,0,0,0,1,1
1417,n_b266,0,0,0,0,1,1
1418,n_b267,0,0,0,0,1,1
1419,n_b268,0,0,0,0,1,1
1420,n_b269,0,0,0,0,1,1
1421,n_b270,0,0,0,0,0,1
1422,n_b271,0,0,0,0,1,1
1423,n_b272,0,0,0,0,1,1
1424,n_b273,0,0,0,0,1,1
1425,n_b274,0,0,0,0,1,1
1426,n_b275,0,0,0,0,1,1
1427,n_b276,0,0,0,0,1,1
1428,n_b277,0,0,0,0,1,1
1429,n_b278,0,0,0,0,1,1
1430,n_b279,0,0,0,0,1,1
1431,n_b280,0,0,0,0,1,1
1432,n_b281,0,0,0,0,1,1
1433,n_b282,0,0,0,0,1,1
1434,n_b283,0,0,0,0,1,1
1435,n_b284,0,0,0,0,1,1
1436,n_b285,0,0,0,0,1,1
1437,n_b286,0,0,0,0,1,1
1438,n_b287,0,0,0,0,1,1
1439,n_b288,0,0,0,0,1,1
1440,n_b289,0,0,0,0,1,1
1441,n_b290,0,0,0,0,1,1
1442,n_b291,0,0,0,0,1,1
1443,n_b292,0,0,0,0,1,1
1444,n_b293,0,0,0,0,1,1
1445,n_b294,0,0,0,0,1,1
1446,n_b295,0,0,0,0,1,1
1447,n_b296,0,0,0,0,1,1
1448,n_b297,0,0,0,0,1,1
1449,n_b298,0,0,0,0,1,1
1450,n_b299,0,0,0,0,1,1
1451,n_b300,0,0,0,0,1,1
1452,n_b301,0,0,0,0,1,1
1453,n_b302,0,0,0,0,1,1
1454,n_b303,0,0,0,0,1,1
1455,n_b304,0,0,0,0,1,1
1456,n_b305,0,0,0,0,1,1
1457,n_b306,0,0,0,0,1,1
1458,n_b307,0,0,0,0,1,1
1459,n_b308,0,0,0,0,1,1
1460,n_b309,0,0,0,0,1,1
1461,n_b310,0,0,0,0,1,1
1462,n_b311,0,0,0,0,1,1
1463,n_b312,0,0,0,0,1,1
1464,n_b313,0,0,0,0,1,1
1465,n_b314,0,0,0,0,1,1
1466,n_b315,0,0,0,0,1,1
1467,n_b316,0,0,0,0,1,1
1468,n_b317,0,0,0,0,1,1
1469,n_b318,0,0,0,0,1,1
1470,n_b319,0,0,0,0,1,1
1471,n_b320,0,0,0,0,1,1
1472,n_b321,0,0,0,0,1,1
1473,n_b322,0,0,0,0,1,1
1474,n_b323,0,0,0,0,1,1
1475,n_b324,0,0,0,0,1,1
1476,n_b325,0,0,0,0,1,1
1477,n_b326,0,0,0,0,1,1
1478,n_b327,0,0,0,0,1,1
1479,n_b328,0,0,0,0,1,1
1480,n_b329,0,0,0,0,1,1
1481,n_b330,0,0,0,0,1,1
1482,n_b331,0,0,0,0,1,1
1483,n_b332,0,0,0,0,1,1
1484,n_b333,0,0,0,0,1,1
1485,n_b334,0,0,0,0,1,1
1486,n_b335,0,0,0,0,1,1
1487,n_b336,0,0,0,0,1,1
1488,n_b337,0,0,0,0,1,1
1489,n_b338,0,0,0,0,1,1
1490,n_b339,0,0,0,0,1,1
1491,n_b340,0,0,0,0,1,1
1492,n_b341,0,0,0,0,1,1
1493,n_b342,0,0,0,0,1,1
1494,n_b343,0,0,0,0,1,1
1495,n_b344,0,0,0,0,1,1
1496,n_b345,0,0,0,0,1,1
1497,n_b346,0,0,0,0,1,1
1498,n_b347,0,0,0,0,1,1
1499,n_b348,0,0,0,0,1,1
1500,n_b349,0,0,0,0,1,1
1501,n_b350,0,0,0,0,1,1
1502,n_b351,0,0,0,0,1,1
1503,n_b352,0,0,0,0,1,1
1504,n_b353,0,0,0,0,1,1
1505,n_b354,0,0,0,0,1,1
1506,n_b355,0,0,0,0,1,1
1507,n_b356,0,0,0,0,1,1
1508,n_b357,0,0,0,0,1,1
1509,n_b358,0,0,0,0,1,1
1510,n_b359,0,0,0,0,1,1
1511,n_b360,0,0,0,0,1,1
1512,n_b361,0,0,0,0,1,1
1513,n_b362,0,0,0,0,1,1
1514,n_b363,0,0,0,0,1,1
1515,n_b364,0,0,0,0,1,1
1516,n_b365,0,0,0,0,1,1
1517,n_b366,0,0,0,0,1,1
1518,n_b367,0,0,0,0,1,1
1519,n_b368,0,0,0,0,1,1
1520,n_b369,0,0,0,0,1,1
1521,n_b370,0,0,0,0,1,1
1522,n_b371,0,0,0,0,1,1
1523,n_b372,0,0,0,0,1,1
1524,n_b373,0,0,0,0,1,1
1525,n_b374,0,0,0,0,1,1
1526,n_b375,0,0,0,0,1,1
1527,n_b376,0,0,0,0,1,1
1528,n_b377,0,0,0,0,1,1
1529,n_b378,0,0,0,0,1,1
1530,n_b379,0,0,0,0,1,1
1531,n_b380,0,0,0,0,1,1
1532,n_b381,0,0,0,0,1,1
1533,n_b382,0,0,0,0,1,1
1534,n_b383,0,0,0,0,1,1
1535,n_b384,0,0,0,0,1,1
1536,tt_xx1,1,1,0,0,0,0
1537,tt_xx2,1,1,0,0,0,0
1538,tt_xx3,1,1,0,0,0,0
1539,tt_xx4,1,1,0,0,0,0
1540,tt_xx5,1,1,0,0,0,0
1541,tt_xx6,1,1,0,0,0,0
1542,tt_xx7,1,1,0,0,0,0
1543,tt_xx8,1,1,0,0,0,0
1544,tt_xx9,1,1,0,0,0,0
1545,tt_xx10,1,1,0,0,0,0
1546,tt_xx11,1,1,0,0,0,0
1547,tt_xx12,1,1,0,0,0,0
1548,tt_xx13,1,1,0,0,0,0
1549,tt_xx14,1,1,0,0,0,0
1550,tt_xx15,1,1,0,0,0,0
1551,tt_xx16,1,1,0,0,0,0
1552,tt_xx17,1,1,0,0,0,0
1553,tt_xx18,1,1,0,0,0,0
1554,tt_xx19,1,1,0,0,1,0
1555,tt_xx20,1,1,0,0,0,0
1556,tt_xx21,1,1,0,0,0,0
1557,tt_xx22,1,1,0,0,0,0
1558,tt_xx23,1,1,0,0,0,0
1559,tt_xx24,1,1,0,0,0,0
1560,tt_xx25,1,1,0,0,0,0
1561,tt_xx26,1,1,0,0,0,0
1562,tt_xx27,1,1,0,0,0,0
1563,tt_xx28,1,1,0,0,0,0
1564,tt_xx29,1,1,0,0,0,0
1565,tt_xx30,1,1,0,0,0,0
1566,tt_xx31,1,1,0,0,0,0
1567,tt_xx32,1,1,0,0,0,0
1568,tt_xx33,1,1,0,0,0,0
1569,tt_xx34,1,1,0,0,0,0
1570,tt_xx35,1,1,0,0,0,0
1571,tt_xx36,1,1,0,0,0,0
1572,tt_xx37,1,1,0,0,0,0
1573,tt_xx38,1,1,0,0,0,0
1574,tt_xx39,1,1,0,0,0,0
1575,tt_xx40,1,1,0,0,0,0
1576,tt_xx41,1,1,0,0,0,0
1577,tt_xx42,1,1,0,0,1,0
1578,tt_xx43,1,1,0,0,0,0
1579,tt_xx44,1,1,0,0,0,0
1580,tt_xx45,1,1,0,0,0,0
1581,tt_xx46,1,1,0,0,0,0
1582,tt_xx47,1,1,0,0,0,0
1583,tt_xx48,1,1,0,0,0,0
1584,tt_xx49,1,1,0,0,0,0
1585,tt_xx50,1,1,0,0,0,0
1586,tt_xx51,1,1,0,0,0,0
1587,tt_xx52,1,1,0,0,0,0
1588,tt_xx53,1,1,0,0,0,0
1589,tt_xx54,1,1,0,0,0,0
1590,tt_xx55,1,1,0,0,0,0
1591,tt_xx56,1,1,0,0,0,0
1592,tt_xx57,1,1,0,0,0,0
1593,tt_xx58,1,1,0,0,0,0
1594,tt_xx59,1,1,0,0,0,0
1595,tt_xx60,1,1,0,0,0,0
1596,tt_xx61,1,1,0,0,0,0
1597,tt_xx62,1,1,0,0,1,0
1598,tt_xx63,1,1,0,0,0,0
1599,tt_xx64,1,1,0,0,0,0
1600,tt_xx65,1,1,0,0,0,0
1601,tt_xx66,1,1,0,0,0,0
1602,tt_xx67,1,1,0,0,0,0
1603,tt_xx68,1,1,0,0,0,0
1604,tt_xx69,1,1,0,0,0,0
1605,tt_xx70,1,1,0,0,0,0
1606,tt_xx71,1,1,0,0,0,0
1607,tt_xx72,1,1,0,0,0,0
1608,tt_xx73,1,1,0,0,0,0
1609,tt_xx74,1,1,0,0,0,0
1610,tt_xx75,1,1,0,0,0,0
1611,tt_xx76,1,1,0,0,0,0
1612,tt_xx77,1,1,0,0,0,0
1613,tt_xx78,1,1,0,0,0,0
1614,tt_xx79,1,1,0,0,0,0
1615,tt_xx80,1,1,0,0,0,0
1616,tt_xx81,1,1,0,0,0,0
1617,tt_xx82,1,1,0,0,0,0
1618,tt_xx83,1,1,0,0,0,0
1619,tt_xx84,1,1,0,0,0,0
1620,tt_xx85,1,1,0,0,0,0
1621,tt_xx86,1,1,0,0,0,0
1622,tt_xx87,1,1,0,0,0,0
1623,tt_xx88,1,1,0,0,0,0
1624,tt_xx89,1,1,0,0,0,0
1625,tt_xx90,1,1,0,0,0,0
1626,tt_xx91,1,1,0,0,0,0
1627,tt_xx92,1,1,0,0,0,0
1628,tt_xx93,1,1,0,0,0,0
1629,tt_xx94,1,1,0,0,0,0
1630,tt_xx95,1,1,0,0,0,0
1631,tt_xx96,1,1,0,0,0,0
1632,tt_xx97,1,1,0,0,0,0
1633,tt_xx98,1,1,0,0,0,0
1634,tt_xx99,1,1,0,0,0,0
1635,tt_xx100,1,1,0,0,0,0
1636,tt_xx101,1,1,0,0,0,0
1637,tt_xx102,1,1,0,0,0,0
1638,tt_xx103,1,1,0,0,0,0
1639,tt_xx104,1,1,0,0,0,0
1640,tt_xx105,1,1,0,0,0,0
1641,tt_xx106,1,1,0,0,0,0
1642,tt_xx107,1,1,0,0,0,0
1643,tt_xx108,1,1,0,0,0,0
1644,tt_xx109,1,1,0,0,0,0
1645,tt_xx110,1,1,0,0,0,0
1646,tt_xx111,1,1,0,0,0,0
1647,tt_xx112,1,1,0,0,0,0
1648,tt_xx113,1,1,0,0,0,0
1649,tt_xx114,1,1,0,0,0,0
1650,tt_xx115,1,1,0,0,0,0
1651,tt_xx116,1,1,0,0,0,0
1652,tt_xx117,1,1,0,0,0,0
1653,tt_xx118,1,1,0,0,0,0
1654,tt_xx119,1,1,0,0,0,0
1655,tt_xx120,1,1,0,0,0,0
1656,tt_xx121,1,1,0,0,0,0
1657,tt_xx122,1,1,0,0,0,0
1658,tt_xx123,1,1,0,0,0,0
1659,tt_xx124,1,1,0,0,0,0
1660,tt_xx125,1,1,0,0,0,0
1661,tt_xx126,1,1,0,0,1,0
1662,tt_xx127,1,1,0,0,0,0
1663,tt_xx128,1,1,0,0,0,0
1664,tt_xx129,1,1,0,0,0,0
1665,tt_xx130,1,1,0,0,0,0
1666,tt_xx131,1,1,0,0,0,0
1667,tt_xx132,1,1,0,0,0,0
1668,tt_xx133,1,1,0,0,0,0
1669,tt_xx134,1,1,0,0,0,0
1670,tt_xx135,1,1,0,0,0,0
1671,tt_xx136,1,1,0,0,0,0
1672,tt_xx137,1,1,0,0,0,0
1673,tt_xx138,1,1,0,0,0,0
1674,tt_xx139,1,1,0,0,0,0
1675,tt_xx140,1,1,0,0,0,0
1676,tt_xx141,1,1,0,0,0,0
1677,tt_xx142,1,1,0,0,0,0
1678,tt_xx143,1,1,0,0,0,0
1679,tt_xx144,1,1,0,0,0,0
1680,tt_xx145,1,1,0,0,0,0
1681,tt_xx146,1,1,0,0,0,0
1682,tt_xx147,1,1,0,0,0,0
1683,tt_xx148,1,1,0,0,0,0
1684,tt_xx149,1,1,0,0,0,0
1685,tt_xx150,1,1,0,0,0,0
1686,tt_xx151,1,1,0,0,0,0
1687,tt_xx152,1,1,0,0,0,0
1688,tt_xx153,1,1,0,0,0,0
1689,tt_xx154,1,1,0,0,0,0
1690,tt_xx155,1,1,0,0,0,0
1691,tt_xx156,1,1,0,0,0,0
1692,tt_xx157,1,1,0,0,0,0
1693,tt_xx158,1,1,0,0,0,0
1694,tt_xx159,1,1,0,0,0,0
1695,tt_xx160,1,1,0,0,0,0
1696,tt_xx161,1,1,0,0,0,0
1697,tt_xx162,1,1,0,0,0,0
1698,tt_xx163,1,1,0,0,0,0
1699,tt_xx164,1,1,0,0,0,0
1700,tt_xx165,1,1,0,0,0,0
1701,tt_xx166,1,1,0,0,0,0
1702,tt_xx167,1,1,0,0,0,0
1703,tt_xx168,1,1,0,0,0,0
1704,tt_xx169,1,1,0,0,0,0
1705,tt_xx170,1,1,0,0,0,0
1706,tt_xx171,1,1,0,0,0,0
1707,tt_xx172,1,1,0,0,0,0
1708,tt_xx173,1,1,0,0,0,0
1709,tt_xx174,1,1,0,0,0,0
1710,tt_xx175,1,1,0,0,0,0
1711,tt_xx176,1,1,0,0,0,0
1712,tt_xx177,1,1,0,0,0,0
1713,tt_xx178,1,1,0,0,0,0
1714,tt_xx179,1,1,0,0,0,0
1715,tt_xx180,1,1,0,0,0,0
1716,tt_xx181,1,1,0,0,0,0
1717,tt_xx182,1,1,0,0,0,0
1718,tt_xx183,1,1,0,0,0,0
1719,tt_xx184,1,1,0,0,0,0
1720,tt_xx185,1,1,0,0,0,0
1721,tt_xx186,1,1,0,0,0,0
1722,tt_xx187,1,1,0,0,0,0
1723,tt_xx188,1,1,0,0,0,0
1724,tt_xx189,1,1,0,0,0,0
1725,tt_xx190,1,1,0,0,1,0
1726,tt_xx191,1,1,0,0,0,0
1727,tt_xx192,1,1,0,0,0,0
1728,tt_xx193,1,1,0,0,0,0
1729,tt_xx194,1,1,0,0,0,0
1730,tt_xx195,1,1,0,0,0,0
1731,tt_xx196,1,1,0,0,0,0
1732,tt_xx197,1,1,0,0,0,0
1733,tt_xx198,1,1,0,0,0,0
1734,tt_xx199,1,1,1,0,0,0
1735,tt_xx200,1,1,1,0,0,0
1736,tt_xx201,1,1,0,0,0,0
1737,tt_xx202,1,1,0,0,0,0
1738,tt_xx203,1,1,0,0,0,0
1739,tt_xx204,1,1,0,0,0,0
1740,tt_xx205,1,1,0,0,0,0
1741,tt_xx206,1,1,0,0,0,0
1742,tt_xx207,1,1,0,0,0,0
1743,tt_xx208,1,1,0,0,0,0
1744,tt_xx209,1,1,1,0,0,0
1745,tt_xx210,1,1,0,0,0,0
1746,tt_xx211,1,1,0,0,1,0
1747,tt_xx212,1,1,0,0,0,0
1748,tt_xx213,1,1,0,0,0,0
1749,tt_xx214,1,1,0,0,0,0
1750,tt_xx215,1,1,0,0,0,0
1751,tt_xx216,1,1,0,0,0,0
1752,tt_xx217,1,1,0,0,1,0
1753,tt_xx218,1,1,0,0,0,0
1754,tt_xx219,1,1,0,0,0,0
1755,tt_xx220,1,1,0,0,0,0
1756,tt_xx221,1,1,0,0,0,0
1757,tt_xx222,1,1,1,0,0,0
1758,tt_xx223,1,1,0,0,0,0
1759,tt_xx224,1,1,0,0,0,0
1760,tt_xx225,1,1,0,0,0,0
1761,tt_xx226,1,1,0,0,0,0
1762,tt_xx227,1,1,0,0,0,0
1763,tt_xx228,1,1,0,0,0,0
1764,tt_xx229,1,1,0,0,0,0
1765,tt_xx230,1,1,0,0,0,0
1766,tt_xx231,1,1,0,0,0,0
1767,tt_xx232,1,1,0,0,0,0
1768,tt_xx233,1,1,0,0,0,0
1769,tt_xx234,1,1,0,0,0,0
1770,tt_xx235,1,1,0,0,0,0
1771,tt_xx236,1,1,0,0,0,0
1772,tt_xx237,1,1,0,0,1,0
1773,tt_xx238,1,1,0,0,0,0
1774,tt_xx239,1,1,1,0,0,0
1775,tt_xx240,1,1,0,0,0,0
1776,tt_xx241,1,1,0,0,0,0
1777,tt_xx242,1,1,0,0,0,0
1778,tt_xx243,1,1,0,0,0,0
1779,tt_xx244,1,1,0,0,0,0
1780,tt_xx245,1,1,0,0,0,0
1781,tt_xx246,1,1,0,0,0,0
1782,tt_xx247,1,1,0,0,0,0
1783,tt_xx248,1,1,0,0,0,0
1784,tt_xx249,1,1,0,0,0,0
1785,tt_xx250,1,1,0,0,0,0
1786,tt_xx251,1,1,0,0,0,0
1787,tt_xx252,1,1,0,0,0,0
1788,tt_xx253,1,1,0,0,0,0
1789,tt_xx254,1,1,0,0,1,0
1790,tt_xx255,1,1,0,0,0,0
1791,tt_xx256,1,1,0,0,0,0
1792,tt_xx257,1,1,0,0,0,0
1793,tt_xx258,1,1,0,0,0,0
1794,tt_xx259,1,1,0,0,0,0
1795,tt_xx260,1,1,0,0,0,0
1796,tt_xx261,1,1,0,0,0,0
1797,tt_xx262,1,1,0,0,0,0
1798,tt_xx263,1,1,0,0,0,0
1799,tt_xx264,1,1,0,0,0,0
1800,tt_xx265,1,1,1,0,0,0
1801,tt_xx266,1,1,0,0,0,0
1802,tt_xx267,1,1,1,0,0,0
1803,tt_xx268,1,1,1,0,0,0
1804,tt_xx269,1,1,0,0,0,0
1805,tt_xx270,1,1,0,0,0,0
1806,tt_xx271,1,1,0,0,0,0
1807,tt_xx272,1,1,1,0,0,0
1808,tt_xx273,1,1,0,0,0,0
1809,tt_xx274,1,1,0,0,0,0
1810,tt_xx275,1,1,1,0,1,0
1811,tt_xx276,1,1,0,0,0,0
1812,tt_xx277,1,1,0,0,0,0
1813,tt_xx278,1,1,0,0,0,0
1814,tt_xx279,1,1,0,0,0,0
1815,tt_xx280,1,1,0,0,0,0
1816,tt_xx281,1,1,0,0,1,0
1817,tt_xx282,1,1,0,0,0,0
1818,tt_xx283,1,1,0,0,0,0
1819,tt_xx284,1,1,0,0,0,0
1820,tt_xx285,1,1,0,0,0,0
1821,tt_xx286,1,1,0,0,0,0
1822,tt_xx287,1,1,0,0,0,0
1823,tt_xx288,1,1,0,0,0,0
1824,tt_xx289,1,1,1,0,0,0
1825,tt_xx290,1,1,1,0,1,0
1826,tt_xx291,1,1,0,0,0,0
1827,tt_xx292,1,1,0,0,0,0
1828,tt_xx293,1,1,0,0,0,0
1829,tt_xx294,1,1,0,0,0,0
1830,tt_xx295,1,1,0,0,0,0
1831,tt_xx296,1,1,0,0,0,0
1832,tt_xx297,1,1,0,0,0,0
1833,tt_xx298,1,1,0,0,0,0
1834,tt_xx299,1,1,0,0,0,0
1835,tt_xx300,1,1,0,0,0,0
1836,tt_xx301,1,1,0,0,1,0
1837,tt_xx302,1,1,0,0,0,0
1838,tt_xx303,1,1,1,0,0,0
1839,tt_xx304,1,1,0,0,0,0
1840,tt_xx305,1,1,0,0,0,0
1841,tt_xx306,1,1,0,0,0,0
1842,tt_xx307,1,1,0,0,0,0
1843,tt_xx308,1,1,0,0,0,0
1844,tt_xx309,1,1,0,0,0,0
1845,tt_xx310,1,1,0,0,0,0
1846,tt_xx311,1,1,0,0,0,0
1847,tt_xx312,1,1,1,0,0,0
1848,tt_xx313,1,1,0,0,0,0
1849,tt_xx314,1,1,0,0,0,0
1850,tt_xx315,1,1,0,0,0,0
1851,tt_xx316,1,1,0,0,0,0
1852,tt_xx317,1,1,0,0,0,0
1853,tt_xx318,1,1,0,0,1,0
1854,tt_xx319,1,1,0,0,0,0
1855,tt_xx320,1,1,0,0,0,0
1856,tt_xx321,1,1,0,0,0,0
1857,tt_xx322,1,1,0,0,1,0
1858,tt_xx323,1,1,0,0,0,0
1859,tt_xx324,1,1,1,0,0,0
1860,tt_xx325,1,1,0,0,0,0
1861,tt_xx326,1,1,0,0,0,0
1862,tt_xx327,1,1,1,0,0,0
1863,tt_xx328,1,1,1,0,0,0
1864,tt_xx329,1,1,1,0,0,0
1865,tt_xx330,1,1,1,0,0,0
1866,tt_xx331,1,1,0,0,0,0
1867,tt_xx332,1,1,0,0,0,0
1868,tt_xx333,1,1,1,0,0,0
1869,tt_xx334,1,1,0,0,0,0
1870,tt_xx335,1,1,0,0,0,0
1871,tt_xx336,1,1,0,0,0,0
1872,tt_xx337,1,1,0,0,0,0
1873,tt_xx338,1,1,0,0,0,0
1874,tt_xx339,1,1,1,0,0,0
1875,tt_xx340,1,1,1,0,0,0
1876,tt_xx341,1,1,0,0,0,0
1877,tt_xx342,1,1,0,0,0,0
1878,tt_xx343,1,1,1,0,0,0
1879,tt_xx344,1,1,0,0,0,0
1880,tt_xx345,1,1,0,0,1,0
1881,tt_xx346,1,1,0,0,0,0
1882,tt_xx347,1,1,1,0,0,0
1883,tt_xx348,1,1,1,0,0,0
1884,tt_xx349,1,1,0,0,0,0
1885,tt_xx350,1,1,0,0,0,0
1886,tt_xx351,1,1,1,0,0,0
1887,tt_xx352,1,1,1,0,0,0
1888,tt_xx353,1,1,1,0,0,0
1889,tt_xx354,1,1,1,0,0,0
1890,tt_xx355,1,1,1,0,0,0
1891,tt_xx356,1,1,1,0,0,0
1892,tt_xx357,1,1,0,0,0,0
1893,tt_xx358,1,1,1,0,0,0
1894,tt_xx359,1,1,0,0,0,0
1895,tt_xx360,1,1,1,0,0,0
1896,tt_xx361,1,1,1,0,0,0
1897,tt_xx362,1,1,0,0,1,0
1898,tt_xx363,1,1,0,0,0,0
1899,tt_xx364,1,1,0,0,0,0
1900,tt_xx365,1,1,0,0,0,0
1901,tt_xx366,1,1,0,0,0,0
1902,tt_xx367,1,1,0,0,0,0
1903,tt_xx368,1,1,0,0,0,0
1904,tt_xx369,1,1,0,0,0,0
1905,tt_xx370,1,1,1,0,0,0
1906,tt_xx371,1,1,0,0,0,0
1907,tt_xx372,1,1,1,0,0,0
1908,tt_xx373,1,1,0,0,0,0
1909,tt_xx374,1,1,0,0,0,0
1910,tt_xx375,1,1,1,0,0,0
1911,tt_xx376,1,1,1,0,0,0
1912,tt_xx377,1,1,0,0,0,0
1913,tt_xx378,1,1,1,0,0,0
1914,tt_xx379,1,1,1,0,0,0
1915,tt_xx380,1,1,1,0,0,0
1916,tt_xx381,1,1,0,0,0,0
1917,tt_xx382,1,1,0,0,1,0
1918,tt_xx383,1,1,0,0,0,0
1919,tt_xx384,1,1,1,0,0,0
1920,tt_b1,1,1,0,0,1,1
1921,tt_b2,1,1,0,0,1,1
1922,tt_b3,1,1,0,0,1,1
1923,tt_b4,1,1,0,0,1,1
1924,tt_b5,1,1,0,0,1,1
1925,tt_b6,1,1,0,0,1,1
1926,tt_b7,1,1,0,0,1,1
1927,tt_b8,1,1,0,0,1,1
1928,tt_b9,1,1,0,0,1,1
1929,tt_b10,1,1,0,0,1,1
1930,tt_b11,1,1,0,0,1,1
1931,tt_b12,1,1,0,0,1,1
1932,tt_b13,1,1,0,0,1,1
1933,tt_b14,1,1,0,0,1,1
1934,tt_b15,1,1,0,0,1,1
1935,tt_b16,1,1,0,0,1,1
1936,tt_b17,1,1,0,0,1,1
1937,tt_b18,1,1,0,0,1,1
1938,tt_b19,1,1,0,0,1,1
1939,tt_b20,1,1,0,0,1,1
1940,tt_b21,1,1,0,0,1,1
1941,tt_b22,1,1,0,0,1,1
1942,tt_b23,1,1,0,0,1,1
1943,tt_b24,1,1,0,0,1,1
1944,tt_b25,1,1,0,0,1,1
1945,tt_b26,1,1,0,0,1,1
1946,tt_b27,1,1,0,0,1,1
1947,tt_b28,1,1,0,0,1,1
1948,tt_b29,1,1,0,0,1,1
1949,tt_b30,1,1,0,0,1,1
1950,tt_b31,1,1,0,0,1,1
1951,tt_b32,1,1,0,0,1,1
1952,tt_b33,1,1,0,0,1,1
1953,tt_b34,1,1,0,0,1,1
1954,tt_b35,1,1,0,0,1,1
1955,tt_b36,1,1,0,0,1,1
1956,tt_b37,1,1,0,0,1,1
1957,tt_b38,1,1,0,0,1,1
1958,tt_b39,1,1,0,0,1,1
1959,tt_b40,1,1,0,0,1,1
1960,tt_b41,1,1,0,0,1,1
1961,tt_b42,1,1,0,0,1,1
1962,tt_b43,1,1,0,0,1,1
1963,tt_b44,1,1,0,0,1,1
1964,tt_b45,1,1,0,0,1,1
1965,tt_b46,1,1,0,0,1,1
1966,tt_b47,1,1,0,0,1,1
1967,tt_b48,1,1,0,0,1,1
1968,tt_b49,1,1,0,0,1,1
1969,tt_b50,1,1,0,0,1,1
1970,tt_b51,1,1,0,0,1,1
1971,tt_b52,1,1,0,0,1,1
1972,tt_b53,1,1,0,0,1,1
1973,tt_b54,1,1,0,0,1,1
1974,tt_b55,1,1,0,0,1,1
1975,tt_b56,1,1,0,0,1,1
1976,tt_b57,1,1,0,0,1,1
1977,tt_b58,1,1,0,0,1,1
1978,tt_b59,1,1,0,0,1,1
1979,tt_b60,1,1,0,0,1,1
1980,tt_b61,1,1,0,0,1,1
1981,tt_b62,1,1,0,0,1,1
1982,tt_b63,1,1,0,0,1,1
1983,tt_b64,1,1,0,0,1,1
1984,tt_b65,1,1,0,0,1,1
1985,tt_b66,1,1,0,0,1,1
1986,tt_b67,1,1,0,0,1,1
1987,tt_b68,1,1,0,0,1,1
1988,tt_b69,1,1,0,0,1,1
1989,tt_b70,1,1,0,0,1,1
1990,tt_b71,1,1,0,0,1,1
1991,tt_b72,1,1,0,0,1,1
1992,tt_b73,1,1,0,0,1,1
1993,tt_b74,1,1,0,0,1,1
1994,tt_b75,1,1,0,0,1,1
1995,tt_b76,1,1,0,0,1,1
1996,tt_b77,1,1,0,0,1,1
1997,tt_b78,1,1,0,0,1,1
1998,tt_b79,1,1,0,0,1,1
1999,tt_b80,1,1,0,0,1,1
2000,tt_b81,1,1,0,0,1,1
2001,tt_b82,1,1,0,0,1,1
2002,tt_b83,1,1,0,0,1,1
2003,tt_b84,1,1,0,0,1,1
2004,tt_b85,1,1,0,0,1,1
2005,tt_b86,1,1,0,0,1,1
2006,tt_b87,1,1,0,0,1,1
2007,tt_b88,1,1,0,0,1,1
2008,tt_b89,1,1,0,0,1,1
2009,tt_b90,1,1,0,0,1,1
2010,tt_b91,1,1,0,0,1,1
2011,tt_b92,1,1,0,0,1,1
2012,tt_b93,1,1,0,0,1,1
2013,tt_b94,1,1,0,0,1,1
2014,tt_b95,1,1,0,0,1,1
2015,tt_b96,1,1,0,0,1,1
2016,tt_b97,1,1,0,0,1,1
2017,tt_b98,1,1,0,0,1,1
2018,tt_b99,1,1,0,0,1,1
2019,tt_b100,1,1,0,0,1,1
2020,tt_b101,1,1,0,0,1,1
2021,tt_b102,1,1,0,0,1,1
2022,tt_b103,1,1,0,0,1,1
2023,tt_b104,1,1,0,0,1,1
2024,tt_b105,1,1,0,0,1,1
2025,tt_b106,1,1,0,0,1,1
2026,tt_b107,1,1,0,0,1,1
2027,tt_b108,1,1,0,0,1,1
2028,tt_b109,1,1,0,0,1,1
2029,tt_b110,1,1,0,0,1,1
2030,tt_b111,1,1,0,0,1,1
2031,tt_b112,1,1,0,0,1,1
2032,tt_b113,1,1,0,0,1,1
2033,tt_b114,1,1,0,0,1,1
2034,tt_b115,1,1,0,0,1,1
2035,tt_b116,1,1,0,0,1,1
2036,tt_b117,1,1,0,0,1,1
2037,tt_b118,1,1,0,0,1,1
2038,tt_b119,1,1,0,0,1,1
2039,tt_b120,1,1,0,0,1,1
2040,tt_b121,1,1,0,0,1,1
2041,tt_b122,1,1,0,0,1,1
2042,tt_b123,1,1,0,0,1,1
2043,tt_b124,1,1,0,0,1,1
2044,tt_b125,1,1,0,0,1,1
2045,tt_b126,1,1,0,0,1,1
2046,tt_b127,1,1,0,0,1,1
2047,tt_b128,1,1,0,0,1,1
2048,tt_b129,1,1,0,0,1,1
2049,tt_b130,1,1,0,0,1,1
2050,tt_b131,1,1,0,0,1,1
2051,tt_b132,1,1,0,0,1,1
2052,tt_b133,1,1,0,0,1,1
2053,tt_b134,1,1,0,0,1,1
2054,tt_b135,1,1,0,0,1,1
2055,tt_b136,1,1,0,0,1,1
2056,tt_b137,1,1,0,0,1,1
2057,tt_b138,1,1,0,0,1,1
2058,tt_b139,1,1,0,0,1,1
2059,tt_b140,1,1,0,0,1,1
2060,tt_b141,1,1,0,0,1,1
2061,tt_b142,1,1,0,0,1,1
2062,tt_b143,1,1,0,0,1,1
2063,tt_b144,1,1,0,0,1,1
2064,tt_b145,1,1,0,0,1,1
2065,tt_b146,1,1,0,0,1,1
2066,tt_b147,1,1,0,0,1,1
2067,tt_b148,1,1,0,0,1,1
2068,tt_b149,1,1,0,0,1,1
2069,tt_b150,1,1,0,0,1,1
2070,tt_b151,1,1,0,0,1,1
2071,tt_b152,1,1,0,0,1,1
2072,tt_b153,1,1,0,0,1,1
2073,tt_b154,1,1,0,0,1,1
2074,tt_b155,1,1,0,0,1,1
2075,tt_b156,1,1,0,0,1,1
2076,tt_b157,1,1,0,0,1,1
2077,tt_b158,1,1,0,0,1,1
2078,tt_b159,1,1,0,0,1,1
2079,tt_b160,1,1,0,0,1,1
2080,tt_b161,1,1,0,0,1,1
2081,tt_b162,1,1,0,0,1,1
2082,tt_b163,1,1,0,0,1,1
2083,tt_b164,1,1,0,0,1,1
2084,tt_b165,1,1,0,0,1,1
2085,tt_b166,1,1,0,0,1,1
2086,tt_b167,1,1,0,0,1,1
2087,tt_b168,1,1,0,0,1,1
2088,tt_b169,1,1,0,0,1,1
2089,tt_b170,1,1,0,0,1,1
2090,tt_b171,1,1,0,0,1,1
2091,tt_b172,1,1,0,0,1,1
2092,tt_b173,1,1,0,0,1,1
2093,tt_b174,1,1,0,0,1,1
2094,tt_b175,1,1,0,0,1,1
2095,tt_b176,1,1,0,0,1,1
2096,tt_b177,1,1,0,0,1,1
2097,tt_b178,1,1,0,0,1,1
2098,tt_b179,1,1,0,0,1,1
2099,tt_b180,1,1,0,0,1,1
2100,tt_b181,1,1,0,0,1,1
2101,tt_b182,1,1,0,0,1,1
2102,tt_b183,1,1,0,0,1,1
2103,tt_b184,1,1,0,0,1,1
2104,tt_b185,1,1,0,0,1,1
2105,tt_b186,1,1,0,0,1,1
2106,tt_b187,1,1,0,0,1,1
2107,tt_b188,1,1,0,0,1,1
2108,tt_b189,1,1,0,0,1,1
2109,tt_b190,1,1,0,0,1,1
2110,tt_b191,1,1,0,0,1,1
2111,tt_b192,1,1,0,0,1,1
2112,tt_b193,1,1,0,0,1,1
2113,tt_b194,1,1,0,0,1,1
2114,tt_b195,1,1,0,0,1,1
2115,tt_b196,1,1,0,0,1,1
2116,tt_b197,1,1,0,0,1,1
2117,tt_b198,1,1,0,0,1,1
2118,tt_b199,1,1,0,0,1,1
2119,tt_b200,1,1,0,0,1,1
2120,tt_b201,1,1,0,0,1,1
2121,tt_b202,1,1,0,0,1,1
2122,tt_b203,1,1,0,0,1,1
2123,tt_b204,1,1,0,0,1,1
2124,tt_b205,1,1,0,0,1,1
2125,tt_b206,1,1,0,0,1,1
2126,tt_b207,1,1,0,0,1,1
2127,tt_b208,1,1,0,0,1,1
2128,tt_b209,1,1,0,0,1,1
2129,tt_b210,1,1,0,0,1,1
2130,tt_b211,1,1,0,0,1,1
2131,tt_b212,1,1,0,0,1,1
2132,tt_b213,1,1,0,0,1,1
2133,tt_b214,1,1,0,0,1,1
2134,tt_b215,1,1,0,0,1,1
2135,tt_b216,1,1,0,0,1,1
2136,tt_b217,1,1,0,0,1,1
2137,tt_b218,1,1,0,0,1,1
2138,tt_b219,1,1,0,0,1,1
2139,tt_b220,1,1,0,0,1,1
2140,tt_b221,1,1,0,0,1,1
2141,tt_b222,1,1,0,0,1,1
2142,tt_b223,1,1,0,0,1,1
2143,tt_b224,1,1,0,0,1,1
2144,tt_b225,1,1,0,0,1,1
2145,tt_b226,1,1,0,0,1,1
2146,tt_b227,1,1,0,0,1,1
2147,tt_b228,1,1,0,0,1,1
2148,tt_b229,1,1,0,0,1,1
2149,tt_b230,1,1,0,0,1,1
2150,tt_b231,1,1,0,0,1,1
2151,tt_b232,1,1,0,0,1,1
2152,tt_b233,1,1,0,0,1,1
2153,tt_b234,1,1,0,0,1,1
2154,tt_b235,1,1,0,0,1,1
2155,tt_b236,1,1,0,0,1,1
2156,tt_b237,1,1,0,0,1,1
2157,tt_b238,1,1,0,0,1,1
2158,tt_b239,1,1,0,0,1,1
2159,tt_b240,1,1,0,0,1,1
2160,tt_b241,1,1,0,0,1,1
2161,tt_b242,1,1,0,0,1,1
2162,tt_b243,1,1,0,0,1,1
2163,tt_b244,1,1,0,0,1,1
2164,tt_b245,1,1,0,0,1,1
2165,tt_b246,1,1,0,0,1,1
2166,tt_b247,1,1,0,0,1,1
2167,tt_b248,1,1,0,0,1,1
2168,tt_b249,1,1,0,0,1,1
2169,tt_b250,1,1,0,0,1,1
2170,tt_b251,1,1,0,0,1,1
2171,tt_b252,1,1,0,0,1,1
2172,tt_b253,1,1,0,0,1,1
2173,tt_b254,1,1,0,0,1,1
2174,tt_b255,1,1,0,0,1,1
2175,tt_b256,1,1,0,0,1,1
2176,tt_b257,1,1,0,0,1,1
2177,tt_b258,1,1,0,0,1,1
2178,tt_b259,1,1,0,0,1,1
2179,tt_b260,1,1,0,0,1,1
2180,tt_b261,1,1,0,0,1,1
2181,tt_b262,1,1,0,0,1,1
2182,tt_b263,1,1,0,0,1,1
2183,tt_b264,1,1,0,0,1,1
2184,tt_b265,1,1,0,0,1,1
2185,tt_b266,1,1,0,0,1,1
2186,tt_b267,1,1,0,0,1,1
2187,tt_b268,1,1,0,0,1,1
2188,tt_b269,1,1,0,0,1,1
2189,tt_b270,1,1,0,0,1,1
2190,tt_b271,1,1,0,0,1,1
2191,tt_b272,1,1,0,0,1,1
2192,tt_b273,1,1,0,0,1,1
2193,tt_b274,1,1,0,0,1,1
2194,tt_b275,1,1,0,0,1,1
2195,tt_b276,1,1,0,0,1,1
2196,tt_b277,1,1,0,0,1,1
2197,tt_b278,1,1,0,0,1,1
2198,tt_b279,1,1,0,0,1,1
2199,tt_b280,1,1,0,0,1,1
2200,tt_b281,1,1,0,0,1,1
2201,tt_b282,1,1,0,0,1,1
2202,tt_b283,1,1,0,0,1,1
2203,tt_b284,1,1,0,0,1,1
2204,tt_b285,1,1,0,0,1,1
2205,tt_b286,1,1,0,0,1,1
2206,tt_b287,1,1,0,0,1,1
2207,tt_b288,1,1,0,0,1,1
2208,tt_b289,1,1,0,0,1,1
2209,tt_b290,1,1,0,0,1,1
2210,tt_b291,1,1,0,0,1,1
2211,tt_b292,1,1,0,0,1,1
2212,tt_b293,1,1,0,0,1,1
2213,tt_b294,1,1,0,0,1,1
2214,tt_b295,1,1,0,0,1,1
2215,tt_b296,1,1,0,0,1,1
2216,tt_b297,1,1,0,0,1,1
2217,tt_b298,1,1,0,0,1,1
2218,tt_b299,1,1,0,0,1,1
2219,tt_b300,1,1,0,0,1,1
2220,tt_b301,1,1,0,0,1,1
2221,tt_b302,1,1,0,0,1,1
2222,tt_b303,1,1,0,0,1,1
2223,tt_b304,1,1,0,0,1,1
2224,tt_b305,1,1,0,0,1,1
2225,tt_b306,1,1,0,0,1,1
2226,tt_b307,1,1,0,0,1,1
2227,tt_b308,1,1,0,0,1,1
2228,tt_b309,1,1,0,0,1,1
2229,tt_b310,1,1,0,0,1,1
2230,tt_b311,1,1,0,0,1,1
2231,tt_b312,1,1,0,0,1,1
2232,tt_b313,1,1,0,0,1,1
2233,tt_b314,1,1,0,0,1,1
2234,tt_b315,1,1,0,0,1,1
2235,tt_b316,1,1,0,0,1,1
2236,tt_b317,1,1,0,0,1,1
2237,tt_b318,1,1,0,0,1,1
2238,tt_b319,1,1,0,0,1,1
2239,tt_b320,1,1,0,0,1,1
2240,tt_b321,1,1,0,0,1,1
2241,tt_b322,1,1,0,0,1,1
2242,tt_b323,1,1,0,0,1,1
2243,tt_b324,1,1,0,0,1,1
2244,tt_b325,1,1,0,0,1,1
2245,tt_b326,1,1,0,0,1,1
2246,tt_b327,1,1,0,0,1,1
2247,tt_b328,1,1,0,0,1,1
2248,tt_b329,1,1,0,0,1,1
2249,tt_b330,1,1,0,0,1,1
2250,tt_b331,1,1,0,0,1,1
2251,tt_b332,1,1,0,0,1,1
2252,tt_b333,1,1,0,0,1,1
2253,tt_b334,1,1,0,0,1,1
2254,tt_b335,1,1,0,0,1,1
2255,tt_b336,1,1,0,0,1,1
2256,tt_b337,1,1,0,0,1,1
2257,tt_b338,1,1,0,0,1,1
2258,tt_b339,1,1,0,0,1,1
2259,tt_b340,1,1,0,0,1,1
2260,tt_b341,1,1,0,0,1,1
2261,tt_b342,1,1,0,0,1,1
2262,tt_b343,1,1,0,0,1,1
2263,tt_b344,1,1,0,0,1,1
2264,tt_b345,1,1,0,0,1,1
2265,tt_b346,1,1,0,0,1,1
2266,tt_b347,1,1,0,0,1,1
2267,tt_b348,1,1,0,0,1,1
2268,tt_b349,1,1,0,0,1,1
2269,tt_b350,1,1,0,0,1,1
2270,tt_b351,1,1,0,0,1,1
2271,tt_b352,1,1,0,0,1,1
2272,tt_b353,1,1,0,0,1,1
2273,tt_b354,1,1,0,0,1,1
2274,tt_b355,1,1,0,0,1,1
2275,tt_b356,1,1,0,0,1,1
2276,tt_b357,1,1,0,0,1,1
2277,tt_b358,1,1,0,0,1,1
2278,tt_b359,1,1,0,0,1,1
2279,tt_b360,1,1,0,0,1,1
2280,tt_b361,1,1,0,0,1,1
2281,tt_b362,1,1,0,0,1,1
2282,tt_b363,1,1,0,0,1,1
2283,tt_b364,1,1,0,0,1,1
2284,tt_b365,1,1,0,0,1,1
2285,tt_b366,1,1,0,0,1,1
2286,tt_b367,1,1,0,0,1,1
2287,tt_b368,1,1,0,0,1,1
2288,tt_b369,1,1,0,0,1,1
2289,tt_b370,1,1,0,0,1,1
2290,tt_b371,1,1,0,0,1,1
2291,tt_b372,1,1,0,0,1,1
2292,tt_b373,1,1,0,0,1,1
2293,tt_b374,1,1,0,0,1,1
2294,tt_b375,1,1,0,0,1,1
2295,tt_b376,1,1,0,0,1,1
2296,tt_b377,1,1,0,0,1,1
2297,tt_b378,1,1,0,0,1,1
2298,tt_b379,1,1,0,0,1,1
2299,tt_b380,1,1,0,0,1,1
2300,tt_b381,1,1,0,0,1,1
2301,tt_b382,1,1,0,0,1,1
2302,tt_b383,1,1,0,0,1,1
2303,tt_b384,1,1,0,0,1,1
2304,b_xx1,1,1,1,1,0,0
2305,b_xx2,1,1,1,1,0,0
2306,b_xx3,1,1,1,1,0,0
2307,b_xx4,1,1,1,1,0,0
2308,b_xx5,1,1,1,1,0,0
2309,b_xx6,1,1,1,1,0,0
2310,b_xx7,1,1,1,1,0,0
2311,b_xx8,1,1,1,1,0,0
2312,b_xx9,1,1,1,1,0,0
2313,b_xx10,1,1,1,1,0,0
2314,b_xx11,1,1,1,1,0,0
2315,b_xx12,1,1,1,1,0,0
2316,b_xx13,1,1,1,1,0,0
2317,b_xx14,1,1,1,1,0,0
2318,b_xx15,1,1,1,1,0,0
2319,b_xx16,1,1,1,1,0,0
2320,b_xx17,1,1,1,1,0,0
2321,b_xx18,1,1,1,1,0,0
2322,b_xx19,1,1,1,1,0,0
2323,b_xx20,1,1,1,1,0,0
2324,b_xx21,1,1,1,1,0,0
2325,b_xx22,1,1,1,1,0,0
2326,b_xx23,1,1,1,1,0,0
2327,b_xx24,1,1,1,1,0,0
2328,b_xx25,1,1,1,1,0,0
2329,b_xx26,1,1,1,1,0,0
2330,b_xx27,1,1,1,1,0,0
2331,b_xx28,1,1,1,1,0,0
2332,b_xx29,1,1,1,1,0,0
2333,b_xx30,1,1,1,1,0,0
2334,b_xx31,1,1,1,1,0,0
2335,b_xx32,1,1,1,1,0,0
2336,b_xx33,1,1,1,1,0,0
2337,b_xx34,1,1,1,1,0,0
2338,b_xx35,1,1,1,1,0,0
2339,b_xx36,1,1,1,1,0,0
2340,b_xx37,1,1,1,1,0,0
2341,b_xx38,1,1,1,1,0,0
2342,b_xx39,1,1,1,1,0,0
2343,b_xx40,1,1,1,1,0,0
2344,b_xx41,1,1,1,1,0,0
2345,b_xx42,1,1,1,1,0,0
2346,b_xx43,1,1,1,1,0,0
2347,b_xx44,1,1,1,1,0,0
2348,b_xx45,1,1,1,1,0,0
2349,b_xx46,1,1,1,1,0,0
2350,b_xx47,1,1,1,1,0,0
2351,b_xx48,1,1,1,1,0,0
2352,b_xx49,1,1,1,1,0,0
2353,b_xx50,1,1,1,1,0,0
2354,b_xx51,1,1,1,1,0,0
2355,b_xx52,1,1,1,1,0,0
2356,b_xx53,1,1,1,1,0,0
2357,b_xx54,1,1,1,1,0,0
2358,b_xx55,1,1,1,1,0,0
2359,b_xx56,1,1,1,1,0,0
2360,b_xx57,1,1,1,1,0,0
2361,b_xx58,1,1,1,1,0,0
2362,b_xx59,1,1,1,1,0,0
2363,b_xx60,1,1,1,1,0,0
2364,b_xx61,1,1,1,1,0,0
2365,b_xx62,1,1,1,1,0,0
2366,b_xx63,1,1,1,1,0,0
2367,b_xx64,1,1,1,1,0,0
2368,b_xx65,1,1,1,1,0,0
2369,b_xx66,1,1,1,1,0,0
2370,b_xx67,1,1,1,1,0,0
2371,b_xx68,1,1,1,1,0,0
2372,b_xx69,1,1,1,1,0,0
2373,b_xx70,1,1,1,1,0,0
2374,b_xx71,1,1,1,1,0,0
2375,b_xx72,1,1,1,1,0,0
2376,b_xx73,1,1,1,1,0,0
2377,b_xx74,1,1,1,1,0,0
2378,b_xx75,1,1,1,1,0,0
2379,b_xx76,1,1,1,1,0,0
2380,b_xx77,1,1,1,1,0,0
2381,b_xx78,1,1,1,1,0,0
2382,b_xx79,1,1,1,1,0,0
2383,b_xx80,1,1,1,1,0,0
2384,b_xx81,1,1,1,1,0,0
2385,b_xx82,1,1,1,1,0,0
2386,b_xx83,1,1,1,1,0,0
2387,b_xx84,1,1,1,1,0,0
2388,b_xx85,1,1,1,1,0,0
2389,b_xx86,1,1,1,1,0,0
2390,b_xx87,1,1,1,1,0,0
2391,b_xx88,1,1,1,1,0,0
2392,b_xx89,1,1,1,1,0,0
2393,b_xx90,1,1,1,1,0,0
2394,b_xx91,1,1,1,1,0,0
2395,b_xx92,1,1,1,1,0,0
2396,b_xx93,1,1,1,1,0,0
2397,b_xx94,1,1,1,1,0,0
2398,b_xx95,1,1,1,1,0,0
2399,b_xx96,1,1,1,1,0,0
2400,b_xx97,1,1,1,1,0,0
2401,b_xx98,1,1,1,1,0,0
2402,b_xx99,1,1,1,1,0,0
2403,b_xx100,1,1,1,1,0,0
2404,b_xx101,1,1,1,1,0,0
2405,b_xx102,1,1,1,1,0,0
2406,b_xx103,1,1,1,1,0,0
2407,b_xx104,1,1,1,1,0,0
2408,b_xx105,1,1,1,1,0,0
2409,b_xx106,1,1,1,1,0,0
2410,b_xx107,1,1,1,1,0,0
2411,b_xx108,1,1,1,1,0,0
2412,b_xx109,1,1,1,1,0,0
2413,b_xx110,1,1,1,1,0,0
2414,b_xx111,1,1,1,1,0,0
2415,b_xx112,1,1,1,1,0,0
2416,b_xx113,1,1,1,1,0,0
2417,b_xx114,1,1,1,1,0,0
2418,b_xx115,1,1,1,1,0,0
2419,b_xx116,1,1,1,1,0,0
2420,b_xx117,1,1,1,1,0,0
2421,b_xx118,1,1,1,1,0,0
2422,b_xx119,1,1,1,1,0,0
2423,b_xx120,1,1,1,1,0,0
2424,b_xx121,1,1,1,1,0,0
2425,b_xx122,1,1,1,1,0,0
2426,b_xx123,1,1,1,1,0,0
2427,b_xx124,1,1,1,1,0,0
2428,b_xx125,1,1,1,1,0,0
2429,b_xx126,1,1,1,1,0,0
2430,b_xx127,1,1,1,1,0,0
2431,b_xx128,1,1,1,1,0,0
2432,b_xx129,1,1,1,1,0,0
2433,b_xx130,1,1,1,1,0,0
2434,b_xx131,1,1,1,1,0,0
2435,b_xx132,1,1,1,1,0,0
2436,b_xx133,1,1,1,1,0,0
2437,b_xx134,1,1,1,1,0,0
2438,b_xx135,1,1,1,1,0,0
2439,b_xx136,1,1,1,1,0,0
2440,b_xx137,1,1,1,1,0,0
2441,b_xx138,1,1,1,1,0,0
2442,b_xx139,1,1,1,1,0,0
2443,b_xx140,1,1,1,1,0,0
2444,b_xx141,1,1,1,1,0,0
2445,b_xx142,1,1,1,1,0,0
2446,b_xx143,1,1,1,1,0,0
2447,b_xx144,1,1,1,1,0,0
2448,b_xx145,1,1,1,1,0,0
2449,b_xx146,1,1,1,1,0,0
2450,b_xx147,1,1,1,1,0,0
2451,b_xx148,1,1,1,1,0,0
2452,b_xx149,1,1,1,1,0,0
2453,b_xx150,1,1,1,1,0,0
2454,b_xx151,1,1,1,1,0,0
2455,b_xx152,1,1,1,1,0,0
2456,b_xx153,1,1,1,1,0,0
2457,b_xx154,1,1,1,1,0,0
2458,b_xx155,1,1,1,1,0,0
2459,b_xx156,1,1,1,1,0,0
2460,b_xx157,1,1,1,1,0,0
2461,b_xx158,1,1,1,1,0,0
2462,b_xx159,1,1,1,1,0,0
2463,b_xx160,1,1,1,1,0,0
2464,b_xx161,1,1,1,1,0,0
2465,b_xx162,1,1,1,1,0,0
2466,b_xx163,1,1,1,1,0,0
2467,b_xx164,1,1,1,1,0,0
2468,b_xx165,1,1,1,1,0,0
2469,b_xx166,1,1,1,1,0,0
2470,b_xx167,1,1,1,1,0,0
2471,b_xx168,1,1,1,1,0,0
2472,b_xx169,1,1,1,1,0,0
2473,b_xx170,1,1,1,1,0,0
2474,b_xx171,1,1,1,1,0,0
2475,b_xx172,1,1,1,1,0,0
2476,b_xx173,1,1,1,1,0,0
2477,b_xx174,1,1,1,1,0,0
2478,b_xx175,1,1,1,1,0,0
2479,b_xx176,1,1,1,1,0,0
2480,b_xx177,1,1,1,1,0,0
2481,b_xx178,1,1,1,1,0,0
2482,b_xx179,1,1,1,1,0,0
2483,b_xx180,1,1,1,1,0,0
2484,b_xx181,1,1,1,1,0,0
2485,b_xx182,1,1,1,1,0,0
2486,b_xx183,1,1,1,1,0,0
2487,b_xx184,1,1,1,1,0,0
2488,b_xx185,1,1,1,1,0,0
2489,b_xx186,1,1,1,1,0,0
2490,b_xx187,1,1,1,1,0,0
2491,b_xx188,1,1,1,1,0,0
2492,b_xx189,1,1,1,1,0,0
2493,b_xx190,1,1,1,1,0,0
2494,b_xx191,1,1,1,1,0,0
2495,b_xx192,1,1,1,1,0,0
2496,b_xx193,1,1,1,1,0,0
2497,b_xx194,1,1,1,1,0,0
2498,b_xx195,1,1,1,1,0,0
2499,b_xx196,1,1,1,1,0,0
2500,b_xx197,1,1,1,1,0,0
2501,b_xx198,1,1,1,1,0,0
2502,b_xx199,1,1,1,1,0,0
2503,b_xx200,1,1,1,1,0,0
2504,b_xx201,1,1,1,1,0,0
2505,b_xx202,1,1,1,1,0,0
2506,b_xx203,1,1,1,1,0,0
2507,b_xx204,1,1,1,1,0,0
2508,b_xx205,1,1,1,1,0,0
2509,b_xx206,1,1,1,1,0,0
2510,b_xx207,1,1,1,1,0,0
2511,b_xx208,1,1,1,1,0,0
2512,b_xx209,1,1,1,1,0,0
2513,b_xx210,1,1,1,1,0,0
2514,b_xx211,1,1,1,1,0,0
2515,b_xx212,1,1,1,1,0,0
2516,b_xx213,1,1,1,1,0,0
2517,b_xx214,1,1,1,1,0,0
2518,b_xx215,1,1,1,1,0,0
2519,b_xx216,1,1,1,1,0,0
2520,b_xx217,1,1,1,1,0,0
2521,b_xx218,1,1,1,1,0,0
2522,b_xx219,1,1,1,1,0,0
2523,b_xx220,1,1,1,1,0,0
2524,b_xx221,1,1,1,1,0,0
2525,b_xx222,1,1,1,1,0,0
2526,b_xx223,1,1,1,1,0,0
2527,b_xx224,1,1,1,1,0,0
2528,b_xx225,1,1,1,1,0,0
2529,b_xx226,1,1,1,1,0,0
2530,b_xx227,1,1,1,1,0,0
2531,b_xx228,1,1,1,1,0,0
2532,b_xx229,1,1,1,1,0,0
2533,b_xx230,1,1,1,1,0,0
2534,b_xx231,1,1,1,1,0,0
2535,b_xx232,1,1,1,1,0,0
2536,b_xx233,1,1,1,1,0,0
2537,b_xx234,1,1,1,1,0,0
2538,b_xx235,1,1,1,1,0,0
2539,b_xx236,1,1,1,1,0,0
2540,b_xx237,1,1,1,1,0,0
2541,b_xx238,1,1,1,1,0,0
2542,b_xx239,1,1,1,1,0,0
2543,b_xx240,1,1,1,1,0,0
2544,b_xx241,1,1,1,1,0,0
2545,b_xx242,1,1,1,1,0,0
2546,b_xx243,1,1,1,1,0,0
2547,b_xx244,1,1,1,1,0,0
2548,b_xx245,1,1,1,1,0,0
2549,b_xx246,1,1,1,1,0,0
2550,b_xx247,1,1,1,1,0,0
2551,b_xx248,1,1,1,1,0,0
2552,b_xx249,1,1,1,1,0,0
2553,b_xx250,1,1,1,1,0,0
2554,b_xx251,1,1,1,1,0,0
2555,b_xx252,1,1,1,1,0,0
2556,b_xx253,1,1,1,1,0,0
2557,b_xx254,1,1,1,1,0,0
2558,b_xx255,1,1,1,1,0,0
2559,b_xx256,1,1,1,1,0,0
2560,b_xx257,1,1,1,1,0,0
2561,b_xx258,1,1,1,1,0,0
2562,b_xx259,1,1,1,1,0,0
2563,b_xx260,1,1,1,1,0,0
2564,b_xx261,1,1,1,1,0,0
2565,b_xx262,1,1,1,1,0,0
2566,b_xx263,1,1,1,1,0,0
2567,b_xx264,1,1,1,1,0,0
2568,b_xx265,1,1,1,1,0,0
2569,b_xx266,1,1,1,1,0,0
2570,b_xx267,1,1,1,1,0,0
2571,b_xx268,1,1,1,1,0,0
2572,b_xx269,1,1,1,1,0,0
2573,b_xx270,1,1,1,1,0,0
2574,b_xx271,1,1,1,1,0,0
2575,b_xx272,1,1,1,1,0,0
2576,b_xx273,1,1,1,1,0,0
2577,b_xx274,1,1,1,1,0,0
2578,b_xx275,1,1,1,1,0,0
2579,b_xx276,1,1,1,1,0,0
2580,b_xx277,1,1,1,1,0,0
2581,b_xx278,1,1,1,1,0,0
2582,b_xx279,1,1,1,1,0,0
2583,b_xx280,1,1,1,1,0,0
2584,b_xx281,1,1,1,1,0,0
2585,b_xx282,1,1,1,1,0,0
2586,b_xx283,1,1,1,1,0,0
2587,b_xx284,1,1,1,1,0,0
2588,b_xx285,1,1,1,1,0,0
2589,b_xx286,1,1,1,1,0,0
2590,b_xx287,1,1,1,1,0,0
2591,b_xx288,1,1,1,1,0,0
2592,b_xx289,1,1,1,1,0,0
2593,b_xx290,1,1,1,1,0,0
2594,b_xx291,1,1,1,1,0,0
2595,b_xx292,1,1,1,1,0,0
2596,b_xx293,1,1,1,1,0,0
2597,b_xx294,1,1,1,1,0,0
2598,b_xx295,1,1,1,1,0,0
2599,b_xx296,1,1,1,1,0,0
2600,b_xx297,1,1,1,1,0,0
2601,b_xx298,1,1,1,1,0,0
2602,b_xx299,1,1,1,1,0,0
2603,b_xx300,1,1,1,1,0,0
2604,b_xx301,1,1,1,1,0,0
2605,b_xx302,1,1,1,1,0,0
2606,b_xx303,1,1,1,1,0,0
2607,b_xx304,1,1,1,1,0,0
2608,b_xx305,1,1,1,1,0,0
2609,b_xx306,1,1,1,1,0,0
2610,b_xx307,1,1,1,1,0,0
2611,b_xx308,1,1,1,1,0,0
2612,b_xx309,1,1,1,1,0,0
2613,b_xx310,1,1,1,1,0,0
2614,b_xx311,1,1,1,1,0,0
2615,b_xx312,1,1,1,1,0,0
2616,b_xx313,1,1,1,1,0,0
2617,b_xx314,1,1,1,1,0,0
2618,b_xx315,1,1,1,1,0,0
2619,b_xx316,1,1,1,1,0,0
2620,b_xx317,1,1,1,1,0,0
2621,b_xx318,1,1,1,1,0,0
2622,b_xx319,1,1,1,1,0,0
2623,b_xx320,1,1,1,1,0,0
2624,b_xx321,1,1,1,1,0,0
2625,b_xx322,1,1,1,1,0,0
2626,b_xx323,1,1,1,1,0,0
2627,b_xx324,1,1,1,1,0,0
2628,b_xx325,1,1,1,1,0,0
2629,b_xx326,1,1,1,1,0,0
2630,b_xx327,1,1,1,1,0,0
2631,b_xx328,1,1,1,1,0,0
2632,b_xx329,1,1,1,1,0,0
2633,b_xx330,1,1,1,1,0,0
2634,b_xx331,1,1,1,1,0,0
2635,b_xx332,1,1,1,1,0,0
2636,b_xx333,1,1,1,1,0,0
2637,b_xx334,1,1,1,1,0,0
2638,b_xx335,1,1,1,1,0,0
2639,b_xx336,1,1,1,1,0,0
2640,b_xx337,1,1,1,1,0,0
2641,b_xx338,1,1,1,1,0,0
2642,b_xx339,1,1,1,1,0,0
2643,b_xx340,1,1,1,1,0,0
2644,b_xx341,1,1,1,1,0,0
2645,b_xx342,1,1,1,1,0,0
2646,b_xx343,1,1,1,1,0,0
2647,b_xx344,1,1,1,1,0,0
2648,b_xx345,1,1,1,1,0,0
2649,b_xx346,1,1,1,1,0,0
2650,b_xx347,1,1,1,1,0,0
2651,b_xx348,1,1,1,1,0,0
2652,b_xx349,1,1,1,1,0,0
2653,b_xx350,1,1,1,1,0,0
2654,b_xx351,1,1,1,1,0,0
2655,b_xx352,1,1,1,1,0,0
2656,b_xx353,1,1,1,1,0,0
2657,b_xx354,1,1,1,1,0,0
2658,b_xx355,1,1,1,1,0,0
2659,b_xx356,1,1,1,1,0,0
2660,b_xx357,1,1,1,1,0,0
2661,b_xx358,1,1,1,1,0,0
2662,b_xx359,1,1,1,1,0,0
2663,b_xx360,1,1,1,1,0,0
2664,b_xx361,1,1,1,1,0,0
2665,b_xx362,1,1,1,1,0,0
2666,b_xx363,1,1,1,1,0,0
2667,b_xx364,1,1,1,1,0,0
2668,b_xx365,1,1,1,1,0,0
2669,b_xx366,1,1,1,1,0,0
2670,b_xx367,1,1,1,1,0,0
2671,b_xx368,1,1,1,1,0,0
2672,b_xx369,1,1,1,1,0,0
2673,b_xx370,1,1,1,1,0,0
2674,b_xx371,1,1,1,1,0,0
2675,b_xx372,1,1,1,1,0,0
2676,b_xx373,1,1,1,1,0,0
2677,b_xx374,1,1,1,1,0,0
2678,b_xx375,1,1,1,1,0,0
2679,b_xx376,1,1,1,1,0,0
2680,b_xx377,1,1,1,1,0,0
2681,b_xx378,1,1,1,1,0,0
2682,b_xx379,1,1,1,1,0,0
2683,b_xx380,1,1,1,1,0,0
2684,b_xx381,1,1,1,1,0,0
2685,b_xx382,1,1,1,1,0,0
2686,b_xx383,1,1,1,1,0,0
2687,b_xx384,1,1,1,1,0,0
2688,b_b1,1,1,1,1,1,1
2689,b_b2,1,1,1,1,1,1
2690,b_b3,1,1,1,1,1,1
2691,b_b4,1,1,1,1,1,1
2692,b_b5,1,1,0,1,1,1
2693,b_b6,1,1,1,1,1,1
2694,b_b7,1,1,1,1,1,1
2695,b_b8,1,1,1,1,1,1
2696,b_b9,1,1,0,1,1,1
2697,b_b10,1,1,1,1,1,1
2698,b_b11,1,1,1,1,1,1
2699,b_b12,1,1,1,1,1,1
2700,b_b13,1,1,1,1,1,1
2701,b_b14,1,1,1,1,1,1
2702,b_b15,1,1,1,1,1,1
2703,b_b16,1,1,1,1,1,1
2704,b_b17,1,1,1,1,1,1
2705,b_b18,1,1,1,1,1,1
2706,b_b19,1,1,1,1,1,1
2707,b_b20,1,1,1,1,1,1
2708,b_b21,1,1,1,1,1,1
2709,b_b22,1,1,1,1,1,1
2710,b_b23,1,1,1,1,1,1
2711,b_b24,1,1,1,1,1,1
2712,b_b25,1,1,1,1,1,1
2713,b_b26,1,1,1,1,1,1
2714,b_b27,1,1,1,1,1,1
2715,b_b28,1,1,1,1,1,1
2716,b_b29,1,1,1,1,1,1
2717,b_b30,1,1,1,1,1,1
2718,b_b31,1,1,1,1,1,1
2719,b_b32,1,1,1,1,1,1
2720,b_b33,1,1,1,1,1,1
2721,b_b34,1,1,1,1,1,1
2722,b_b35,1,1,1,1,1,1
2723,b_b36,1,1,1,1,1,1
2724,b_b37,1,1,1,1,1,1
2725,b_b38,1,1,1,1,1,1
2726,b_b39,1,1,1,1,1,1
2727,b_b40,1,1,1,1,1,1
2728,b_b41,1,1,1,1,1,1
2729,b_b42,1,1,1,1,1,1
2730,b_b43,1,1,1,1,1,1
2731,b_b44,1,1,1,1,1,1
2732,b_b45,1,1,1,1,1,1
2733,b_b46,1,1,1,1,1,1
2734,b_b47,1,1,1,1,1,1
2735,b_b48,1,1,1,1,1,1
2736,b_b49,1,1,1,1,1,1
2737,b_b50,1,1,1,1,1,1
2738,b_b51,1,1,1,1,0,1
2739,b_b52,1,1,1,1,1,1
2740,b_b53,1,1,1,1,1,1
2741,b_b54,1,1,1,1,1,1
2742,b_b55,1,1,1,1,1,1
2743,b_b56,1,1,1,1,1,1
2744,b_b57,1,1,0,1,1,1
2745,b_b58,1,1,1,1,1,1
2746,b_b59,1,1,1,1,0,1
2747,b_b60,1,1,1,1,1,1
2748,b_b61,1,1,1,1,1,1
2749,b_b62,1,1,1,1,1,1
2750,b_b63,1,1,1,1,1,1
2751,b_b64,1,1,1,1,1,1
2752,b_b65,1,1,1,1,1,1
2753,b_b66,1,1,1,1,1,1
2754,b_b67,1,1,1,1,1,1
2755,b_b68,1,1,1,1,1,1
2756,b_b69,1,1,1,1,1,1
2757,b_b70,1,1,1,1,1,1
2758,b_b71,1,1,1,1,1,1
2759,b_b72,1,1,1,1,1,1
2760,b_b73,1,1,1,1,1,1
2761,b_b74,1,1,1,1,1,1
2762,b_b75,1,1,1,1,1,1
2763,b_b76,1,1,1,1,1,1
2764,b_b77,1,1,1,1,1,1
2765,b_b78,1,1,1,1,1,1
2766,b_b79,1,1,1,1,1,1
2767,b_b80,1,1,1,1,1,1
2768,b_b81,1,1,1,1,1,1
2769,b_b82,1,1,1,1,1,1
2770,b_b83,1,1,1,1,1,1
2771,b_b84,1,1,1,1,1,1
2772,b_b85,1,1,1,1,1,1
2773,b_b86,1,1,1,1,1,1
2774,b_b87,1,1,1,1,1,1
2775,b_b88,1,1,1,1,1,1
2776,b_b89,1,1,1,1,1,1
2777,b_b90,1,1,1,1,1,1
2778,b_b91,1,1,1,1,1,1
2779,b_b92,1,1,1,1,1,1
2780,b_b93,1,1,1,1,1,1
2781,b_b94,1,1,1,1,1,1
2782,b_b95,1,1,1,1,1,1
2783,b_b96,1,1,1,1,1,1
2784,b_b97,1,1,1,1,1,1
2785,b_b98,1,1,1,1,1,1
2786,b_b99,1,1,1,1,1,1
2787,b_b100,1,1,1,1,1,1
2788,b_b101,1,1,0,1,1,1
2789,b_b102,1,1,1,1,1,1
2790,b_b103,1,1,1,1,1,1
2791,b_b104,1,1,1,1,1,1
2792,b_b105,1,1,0,1,1,1
2793,b_b106,1,1,1,1,1,1
2794,b_b107,1,1,1,1,1,1
2795,b_b108,1,1,1,1,1,1
2796,b_b109,1,1,1,1,1,1
2797,b_b110,1,1,1,1,1,1
2798,b_b111,1,1,1,1,1,1
2799,b_b112,1,1,1,1,1,1
2800,b_b113,1,1,1,1,1,1
2801,b_b114,1,1,1,1,1,1
2802,b_b115,1,1,1,1,1,1
2803,b_b116,1,1,1,1,1,1
2804,b_b117,1,1,1,1,1,1
2805,b_b118,1,1,1,1,1,1
2806,b_b119,1,1,1,1,1,1
2807,b_b120,1,1,1,1,1,1
2808,b_b121,1,1,1,1,1,1
2809,b_b122,1,1,1,1,1,1
2810,b_b123,1,1,1,1,1,1
2811,b_b124,1,1,1,1,1,1
2812,b_b125,1,1,1,1,1,1
2813,b_b126,1,1,1,1,1,1
2814,b_b127,1,1,1,1,1,1
2815,b_b128,1,1,1,1,1,1
2816,b_b129,1,1,1,1,1,1
2817,b_b130,1,1,1,1,1,1
2818,b_b131,1,1,1,1,1,1
2819,b_b132,1,1,1,1,1,1
2820,b_b133,1,1,1,1,1,1
2821,b_b134,1,1,1,1,1,1
2822,b_b135,1,1,1,1,1,1
2823,b_b136,1,1,1,1,1,1
2824,b_b137,1,1,1,1,1,1
2825,b_b138,1,1,1,1,1,1
2826,b_b139,1,1,1,1,1,1
2827,b_b140,1,1,1,1,1,1
2828,b_b141,1,1,1,1,1,1
2829,b_b142,1,1,1,1,1,1
2830,b_b143,1,1,1,1,1,1
2831,b_b144,1,1,1,1,1,1
2832,b_b145,1,1,1,1,1,1
2833,b_b146,1,1,1,1,1,1
2834,b_b147,1,1,1,1,0,1
2835,b_b148,1,1,1,1,1,1
2836,b_b149,1,1,1,1,1,1
2837,b_b150,1,1,1,1,1,1
2838,b_b151,1,1,1,1,1,1
2839,b_b152,1,1,1,1,1,1
2840,b_b153,1,1,0,1,1,1
2841,b_b154,1,1,1,1,1,1
2842,b_b155,1,1,1,1,1,1
2843,b_b156,1,1,1,1,1,1
2844,b_b157,1,1,1,1,1,1
2845,b_b158,1,1,1,1,1,1
2846,b_b159,1,1,1,1,1,1
2847,b_b160,1,1,1,1,1,1
2848,b_b161,1,1,1,1,1,1
2849,b_b162,1,1,1,1,1,1
2850,b_b163,1,1,1,1,1,1
2851,b_b164,1,1,1,1,1,1
2852,b_b165,1,1,1,1,1,1
2853,b_b166,1,1,1,1,1,1
2854,b_b167,1,1,1,1,1,1
2855,b_b168,1,1,1,1,1,1
2856,b_b169,1,1,1,1,1,1
2857,b_b170,1,1,1,1,1,1
2858,b_b171,1,1,1,1,1,1
2859,b_b172,1,1,1,1,1,1
2860,b_b173,1,1,1,1,1,1
2861,b_b174,1,1,1,1,1,1
2862,b_b175,1,1,1,1,1,1
2863,b_b176,1,1,1,1,1,1
2864,b_b177,1,1,1,1,1,1
2865,b_b178,1,1,1,1,1,1
2866,b_b179,1,1,1,1,1,1
2867,b_b180,1,1,1,1,1,1
2868,b_b181,1,1,1,1,1,1
2869,b_b182,1,1,1,1,1,1
2870,b_b183,1,1,1,1,1,1
2871,b_b184,1,1,1,1,1,1
2872,b_b185,1,1,1,1,1,1
2873,b_b186,1,1,1,1,1,1
2874,b_b187,1,1,1,1,1,1
2875,b_b188,1,1,1,1,1,1
2876,b_b189,1,1,1,1,1,1
2877,b_b190,1,1,1,1,1,1
2878,b_b191,1,1,1,1,1,1
2879,b_b192,1,1,1,1,1,1
2880,b_b193,1,1,1,1,1,1
2881,b_b194,1,1,1,1,1,1
2882,b_b195,1,1,1,1,1,1
2883,b_b196,1,1,1,1,1,1
2884,b_b197,1,1,0,1,1,1
2885,b_b198,1,1,1,1,1,1
2886,b_b199,1,1,1,1,1,1
2887,b_b200,1,1,1,1,1,1
2888,b_b201,1,1,0,1,1,1
2889,b_b202,1,1,1,1,1,1
2890,b_b203,1,1,1,1,1,1
2891,b_b204,1,1,1,1,1,1
2892,b_b205,1,1,1,1,1,1
2893,b_b206,1,1,1,1,1,1
2894,b_b207,1,1,1,1,1,1
2895,b_b208,1,1,1,1,1,1
2896,b_b209,1,1,1,1,1,1
2897,b_b210,1,1,1,1,1,1
2898,b_b211,1,1,1,1,1,1
2899,b_b212,1,1,1,1,1,1
2900,b_b213,1,1,1,1,1,1
2901,b_b214,1,1,1,1,1,1
2902,b_b215,1,1,1,1,1,1
2903,b_b216,1,1,1,1,1,1
2904,b_b217,1,1,1,1,1,1
2905,b_b218,1,1,1,1,1,1
2906,b_b219,1,1,1,1,1,1
2907,b_b220,1,1,1,1,1,1
2908,b_b221,1,1,1,1,1,1
2909,b_b222,1,1,1,1,1,1
2910,b_b223,1,1,1,1,1,1
2911,b_b224,1,1,1,1,1,1
2912,b_b225,1,1,1,1,1,1
2913,b_b226,1,1,1,1,1,1
2914,b_b227,1,1,1,1,1,1
2915,b_b228,1,1,1,1,1,1
2916,b_b229,1,1,1,1,1,1
2917,b_b230,1,1,1,1,1,1
2918,b_b231,1,1,1,1,1,1
2919,b_b232,1,1,1,1,1,1
2920,b_b233,1,1,1,1,1,1
2921,b_b234,1,1,1,1,1,1
2922,b_b235,1,1,1,1,1,1
2923,b_b236,1,1,1,1,1,1
2924,b_b237,1,1,1,1,1,1
2925,b_b238,1,1,1,1,1,1
2926,b_b239,1,1,1,1,1,1
2927,b_b240,1,1,1,1,1,1
2928,b_b241,1,1,1,1,1,1
2929,b_b242,1,1,1,1,1,1
2930,b_b243,1,1,1,1,0,1
2931,b_b244,1,1,1,1,1,1
2932,b_b245,1,1,1,1,1,1
2933,b_b246,1,1,1,1,1,1
2934,b_b247,1,1,1,1,1,1
2935,b_b248,1,1,1,1,1,1
2936,b_b249,1,1,1,1,1,1
2937,b_b250,1,1,1,1,1,1
2938,b_b251,1,1,1,1,1,1
2939,b_b252,1,1,1,1,1,1
2940,b_b253,1,1,1,1,1,1
2941,b_b254,1,1,1,1,1,1
2942,b_b255,1,1,1,1,1,1
2943,b_b256,1,1,1,1,1,1
2944,b_b257,1,1,1,1,1,1
2945,b_b258,1,1,1,1,1,1
2946,b_b259,1,1,1,1,1,1
2947,b_b260,1,1,1,1,1,1
2948,b_b261,1,1,1,1,1,1
2949,b_b262,1,1,1,1,1,1
2950,b_b263,1,1,1,1,1,1
2951,b_b264,1,1,1,1,1,1
2952,b_b265,1,1,1,1,1,1
2953,b_b266,1,1,1,1,1,1
2954,b_b267,1,1,1,1,1,1
2955,b_b268,1,1,1,1,1,1
2956,b_b269,1,1,1,1,1,1
2957,b_b270,1,1,1,1,1,1
2958,b_b271,1,1,1,1,1,1
2959,b_b272,1,1,1,1,1,1
2960,b_b273,1,1,1,1,1,1
2961,b_b274,1,1,1,1,1,1
2962,b_b275,1,1,1,1,1,1
2963,b_b276,1,1,1,1,1,1
2964,b_b277,1,1,1,1,1,1
2965,b_b278,1,1,1,1,1,1
2966,b_b279,1,1,1,1,1,1
2967,b_b280,1,1,1,1,1,1
2968,b_b281,1,1,1,1,1,1
2969,b_b282,1,1,1,1,1,1
2970,b_b283,1,1,1,1,1,1
2971,b_b284,1,1,1,1,1,1
2972,b_b285,1,1,1,1,1,1
2973,b_b286,1,1,1,1,1,1
2974,b_b287,1,1,1,1,1,1
2975,b_b288,1,1,1,1,1,1
2976,b_b289,1,1,1,1,1,1
2977,b_b290,1,1,1,1,1,1
2978,b_b291,1,1,1,1,1,1
2979,b_b292,1,1,1,1,1,1
2980,b_b293,1,1,0,1,1,1
2981,b_b294,1,1,1,1,1,1
2982,b_b295,1,1,1,1,1,1
2983,b_b296,1,1,1,1,1,1
2984,b_b297,1,1,0,1,1,1
2985,b_b298,1,1,1,1,1,1
2986,b_b299,1,1,1,1,1,1
2987,b_b300,1,1,1,1,1,1
2988,b_b301,1,1,1,1,1,1
2989,b_b302,1,1,1,1,1,1
2990,b_b303,1,1,1,1,1,1
2991,b_b304,1,1,1,1,1,1
2992,b_b305,1,1,1,1,1,1
2993,b_b306,1,1,1,1,1,1
2994,b_b307,1,1,1,1,1,1
2995,b_b308,1,1,1,1,1,1
2996,b_b309,1,1,1,1,1,1
2997,b_b310,1,1,1,1,1,1
2998,b_b311,1,1,1,1,1,1
2999,b_b312,1,1,1,1,1,1
3000,b_b313,1,1,1,1,1,1
3001,b_b314,1,1,1,1,1,1
3002,b_b315,1,1,1,1,1,1
3003,b_b316,1,1,1,1,1,1
3004,b_b317,1,1,1,1,1,1
3005,b_b318,1,1,1,1,1,1
3006,b_b319,1,1,1,1,1,1
3007,b_b320,1,1,1,1,1,1
3008,b_b321,1,1,1,1,1,1
3009,b_b322,1,1,1,1,1,1
3010,b_b323,1,1,1,1,1,1
3011,b_b324,1,1,1,1,1,1
3012,b_b325,1,1,1,1,1,1
3013,b_b326,1,1,1,1,1,1
3014,b_b327,1,1,1,1,1,1
3015,b_b328,1,1,1,1,1,1
3016,b_b329,1,1,1,1,1,1
3017,b_b330,1,1,1,1,1,1
3018,b_b331,1,1,1,1,1,1
3019,b_b332,1,1,1,1,1,1
3020,b_b333,1,1,1,1,1,1
3021,b_b334,1,1,1,1,1,1
3022,b_b335,1,1,1,1,1,1
3023,b_b336,1,1,1,1,1,1
3024,b_b337,1,1,1,1,1,1
3025,b_b338,1,1,1,1,1,1
3026,b_b339,1,1,1,1,1,1
3027,b_b340,1,1,1,1,1,1
3028,b_b341,1,1,1,1,1,1
3029,b_b342,1,1,1,1,1,1
3030,b_b343,1,1,1,1,1,1
3031,b_b344,1,1,1,1,1,1
3032,b_b345,1,1,1,1,1,1
3033,b_b346,1,1,1,1,1,1
3034,b_b347,1,1,1,1,1,1
3035,b_b348,1,1,1,1,1,1
3036,b_b349,1,1,1,1,1,1
3037,b_b350,1,1,1,1,1,1
3038,b_b351,1,1,1,1,1,1
3039,b_b352,1,1,1,1,1,1
3040,b_b353,1,1,1,1,1,1
3041,b_b354,1,1,1,1,1,1
3042,b_b355,1,1,1,1,1,1
3043,b_b356,1,1,1,1,1,1
3044,b_b357,1,1,1,1,1,1
3045,b_b358,1,1,1,1,1,1
3046,b_b359,1,1,1,1,1,1
3047,b_b360,1,1,1,1,1,1
3048,b_b361,1,1,1,1,1,1
3049,b_b362,1,1,1,1,1,1
3050,b_b363,1,1,1,1,1,1
3051,b_b364,1,1,1,1,1,1
3052,b_b365,1,1,1,1,1,1
3053,b_b366,1,1,1,1,1,1
3054,b_b367,1,1,1,1,1,1
3055,b_b368,1,1,1,1,1,1
3056,b_b369,1,1,1,1,1,1
3057,b_b370,1,1,1,1,1,1
3058,b_b371,1,1,1,1,1,1
3059,b_b372,1,1,1,1,1,1
3060,b_b373,1,1,1,1,1,1
3061,b_b374,1,1,1,1,1,1
3062,b_b375,1,1,1,1,1,1
3063,b_b376,1,1,1,1,1,1
3064,b_b377,1,1,1,1,1,1
3065,b_b378,1,1,1,1,1,1
3066,b_b379,1,1,1,1,1,1
3067,b_b380,1,1,1,1,1,1
3068,b_b381,1,1,1,1,1,1
3069,b_b382,1,1,1,1,1,1
3070,b_b383,1,1,1,1,1,1
3071,b_b384,1,1,1,1,1,1
